{
	"pages": [ //pages数组中第一项表示应用启动页，参考：https://uniapp.dcloud.io/collocation/pages
		
		{
			"path": "pages/home/home",
			"style": {
				"navigationStyle": "custom"
			}
		},
		{
			"path": "pages/index/index",
			"style": {
				"navigationBarTitleText": "uni-app",
				"navigationStyle": "custom"
			} 
		},  
		{
			"path": "pages/home/selectStation",
			"style": {
				"navigationBarTitleText": "车站选择",
				"enablePullDownRefresh": false
			}
		},
		{ 
			"path": "pages/order/OrderInfo",
			"style": {
				"navigationBarTitleText": "订单详情",
				"enablePullDownRefresh": false
			}
		},
		{
			"path": "pages/order/order",
			"style": {
				"navigationBarTitleText": "订单",
				"enablePullDownRefresh": false
			}
		},
		{
			"path": "pages/register/register",
			"style": { 
				"navigationBarTitleText": "", 
				"navigationBarTextStyle": "black",
				"navigationBarBackgroundColor": "white"
			} 

		}, {
			"path": "pages/order/order",
			"style": {
				"navigationBarTitleText": "订单",
				"enablePullDownRefresh": false
			}

		}, {
			"path": "pages/mine/mine",
			"style": {
				"navigationBarTitleText": "",
				"enablePullDownRefresh": false
			}

		}, {
			"path": "pages/trains/trains",
			"style": {
				"navigationBarTitleText": "车票查询",
				"enablePullDownRefresh": false
			}

		}, {
			"path": "pages/passengers/edit",
			"style": {
				"navigationBarTitleText": "个人资料",
				"app-plus": {
					"titleNView": {
						"buttons": [{
							"fontWeight": "normal",
							"text": "删除",
							"fontSize": "14"
						}]
					}
				}
			}

		}, {
			"path": "pages/passengers/ChoosePassengers",
			"style": {
				"navigationBarTitleText": "选择乘车人",
				"app-plus": {
					"titleNView": {
						"buttons": [{
							"fontWeight": "normal",
							"text": "完成",
							"fontSize": "14"
						}]
					}
				}
			}

		}, {
			"path": "pages/trains/SubmitOrder",
			"style": {
				"navigationBarTitleText": "确认订单"
			}

		},
		{
			"path": "pages/passengers/AddPassenger",
			"style": {
				"navigationBarTitleText": "添加乘车人"
			}

		}, 
		{ 
			"path": "pages/order/unFinished",
			"style": {
				"navigationBarTitleText": "未完成"
			} 
		
		},{
			"path": "pages/passengers/passengers",
			"style": {
				"navigationBarTitleText": "乘车人",
				"app-plus": {
					"titleNView": {
						"buttons": [{
							"fontWeight": "normal",
							"text": "添加",
							"fontSize": "14"
						}]
					}
				}
			}

		}
	],
	"tabBar": {
		"height": "44px",
		"color": "#9ca1a7",
		"selectedColor": "#2485c4",
		"borderStyle": "black",
		"backgroundColor": "#ffffff",
		"list": [{
				"pagePath": "pages/home/home",
				"iconPath": "static/home.png",
				"selectedIconPath": "static/home1.png",
				"text": "首页"
			},
			{
				"pagePath": "pages/order/order",
				"iconPath": "static/order.png",
				"selectedIconPath": "static/order1.png",
				"text": "订单"
			}, {
				"pagePath": "pages/mine/mine",
				"iconPath": "static/mine.png",
				"selectedIconPath": "static/mine1.png",
				"text": "我的"
			}
		]
	},
	"globalStyle": {
		"navigationBarTextStyle": "white",
		"navigationBarTitleText": "uni-app",
		"navigationBarBackgroundColor": "#3c99f9",
		"backgroundColor": "#F8F8F8"
	}
}
