[{
	"tag": "A",
	"textArray": [{
		"name": "埃岱"
	}, {
		"name": "安亭北"
	}, {
		"name": "安亭西"
	}, {
		"name": "安仁"
	}, {
		"name": "安化"
	}, {
		"name": "安匠"
	}, {
		"name": "安口窑"
	}, {
		"name": "安吉"
	}, {
		"name": "安图"
	}, {
		"name": "安图西"
	}, {
		"name": "安塘"
	}, {
		"name": "安多"
	}, {
		"name": "安家"
	}, {
		"name": "安富镇"
	}, {
		"name": "安广"
	}, {
		"name": "安庆"
	}, {
		"name": "安庆西"
	}, {
		"name": "安康"
	}, {
		"name": "安德"
	}, {
		"name": "安江东"
	}, {
		"name": "安达"
	}, {
		"name": "安阳"
	}, {
		"name": "安阳东"
	}, {
		"name": "安陆"
	}, {
		"name": "安陆西"
	}, {
		"name": "安靖"
	}, {
		"name": "安顺"
	}, {
		"name": "安顺西"
	}, {
		"name": "敖力布告"
	}, {
		"name": "敖头"
	}, {
		"name": "敖汉"
	}, {
		"name": "昂昂溪"
	}, {
		"name": "阿克苏"
	}, {
		"name": "阿克陶"
	}, {
		"name": "阿勒泰"
	}, {
		"name": "阿南庄"
	}, {
		"name": "阿图什"
	}, {
		"name": "阿城"
	}, {
		"name": "阿城北"
	}, {
		"name": "阿寨"
	}, {
		"name": "阿尔山"
	}, {
		"name": "阿巴嘎旗"
	}, {
		"name": "阿房宫"
	}, {
		"name": "阿拉尔"
	}, {
		"name": "阿木尔"
	}, {
		"name": "阿瓦提"
	}, {
		"name": "阿贵图"
	}, {
		"name": "阿里河"
	}, {
		"name": "阿龙山"
	}, {
		"name": "鞍山"
	}, {
		"name": "鞍山西"
	}]
}, {
	"tag": "B",
	"textArray": [{
		"name": "亳州"
	}, {
		"name": "亳州南"
	}, {
		"name": "佛坪"
	}, {
		"name": "佛山"
	}, {
		"name": "佛山西"
	}, {
		"name": "保定"
	}, {
		"name": "保定东"
	}, {
		"name": "保家楼"
	}, {
		"name": "保康"
	}, {
		"name": "保康县"
	}, {
		"name": "八仙筒"
	}, {
		"name": "八方"
	}, {
		"name": "八方山"
	}, {
		"name": "八苏木"
	}, {
		"name": "八达岭长城"
	}, {
		"name": "八里甸子"
	}, {
		"name": "八面城"
	}, {
		"name": "八面通"
	}, {
		"name": "勃利"
	}, {
		"name": "包头"
	}, {
		"name": "包头东"
	}, {
		"name": "包头北"
	}, {
		"name": "包头西"
	}, {
		"name": "北井子"
	}, {
		"name": "北京"
	}, {
		"name": "北京东"
	}, {
		"name": "北京丰台"
	}, {
		"name": "北京北"
	}, {
		"name": "北京南"
	}, {
		"name": "北京大兴"
	}, {
		"name": "北京朝阳"
	}, {
		"name": "北京西"
	}, {
		"name": "北宅"
	}, {
		"name": "北安"
	}, {
		"name": "北屯"
	}, {
		"name": "北屯市"
	}, {
		"name": "北戴河"
	}, {
		"name": "北流"
	}, {
		"name": "北海"
	}, {
		"name": "北滘"
	}, {
		"name": "北牟"
	}, {
		"name": "北票"
	}, {
		"name": "北舍"
	}, {
		"name": "北马圈子"
	}, {
		"name": "博乐"
	}, {
		"name": "博克图"
	}, {
		"name": "博兴"
	}, {
		"name": "博白"
	}, {
		"name": "博罗北"
	}, {
		"name": "博鳌"
	}, {
		"name": "坝梁"
	}, {
		"name": "宝丰"
	}, {
		"name": "宝坻"
	}, {
		"name": "宝应"
	}, {
		"name": "宝拉格"
	}, {
		"name": "宝林"
	}, {
		"name": "宝泉岭"
	}, {
		"name": "宝清"
	}, {
		"name": "宝老山"
	}, {
		"name": "宝鸡"
	}, {
		"name": "宝鸡南"
	}, {
		"name": "宝龙山"
	}, {
		"name": "宾州"
	}, {
		"name": "宾西北"
	}, {
		"name": "宾阳"
	}, {
		"name": "巴东"
	}, {
		"name": "巴中"
	}, {
		"name": "巴图营"
	}, {
		"name": "巴山"
	}, {
		"name": "巴彦郭勒"
	}, {
		"name": "巴彦高勒"
	}, {
		"name": "巴林"
	}, {
		"name": "巴楚"
	}, {
		"name": "彬州"
	}, {
		"name": "彬州东"
	}, {
		"name": "本溪"
	}, {
		"name": "本溪新城"
	}, {
		"name": "板城"
	}, {
		"name": "板塘"
	}, {
		"name": "柏村"
	}, {
		"name": "柏林"
	}, {
		"name": "柏果"
	}, {
		"name": "栟茶"
	}, {
		"name": "步行街"
	}, {
		"name": "毕节"
	}, {
		"name": "滨州"
	}, {
		"name": "滨海"
	}, {
		"name": "滨海北"
	}, {
		"name": "滨海港"
	}, {
		"name": "滨海西"
	}, {
		"name": "班猫箐"
	}, {
		"name": "璧山"
	}, {
		"name": "白云北"
	}, {
		"name": "白云机场北"
	}, {
		"name": "白云西"
	}, {
		"name": "白云鄂博"
	}, {
		"name": "白城"
	}, {
		"name": "白壁关"
	}, {
		"name": "白奎堡"
	}, {
		"name": "白山市"
	}, {
		"name": "白彦花"
	}, {
		"name": "白文东"
	}, {
		"name": "白旗"
	}, {
		"name": "白果"
	}, {
		"name": "白桦排"
	}, {
		"name": "白水江"
	}, {
		"name": "白水镇"
	}, {
		"name": "白沙"
	}, {
		"name": "白沙坡"
	}, {
		"name": "白沙铺"
	}, {
		"name": "白沟"
	}, {
		"name": "白河东"
	}, {
		"name": "白河县"
	}, {
		"name": "白洋淀"
	}, {
		"name": "白涛"
	}, {
		"name": "白涧"
	}, {
		"name": "白狼"
	}, {
		"name": "白石山"
	}, {
		"name": "白石岩"
	}, {
		"name": "白芨沟"
	}, {
		"name": "白银哈尔"
	}, {
		"name": "白银市"
	}, {
		"name": "白银西"
	}, {
		"name": "白音华南"
	}, {
		"name": "白音察干"
	}, {
		"name": "白音胡硕"
	}, {
		"name": "白马"
	}, {
		"name": "白马井"
	}, {
		"name": "白马北"
	}, {
		"name": "白鸡坡"
	}, {
		"name": "百宜"
	}, {
		"name": "百色"
	}, {
		"name": "百里峡"
	}, {
		"name": "碧州"
	}, {
		"name": "笔架山"
	}, {
		"name": "背荫河"
	}, {
		"name": "蚌埠"
	}, {
		"name": "蚌埠南"
	}, {
		"name": "贲红"
	}, {
		"name": "霸州"
	}, {
		"name": "霸州北"
	}, {
		"name": "霸州西"
	}, {
		"name": "鲅鱼圈"
	}]
}, {
	"tag": "C",
	"textArray": [{
		"name": "从江"
	}, {
		"name": "册亨"
	}, {
		"name": "城固"
	}, {
		"name": "城固北"
	}, {
		"name": "城子坦"
	}, {
		"name": "城西"
	}, {
		"name": "城阳"
	}, {
		"name": "察尔汗"
	}, {
		"name": "察素齐"
	}, {
		"name": "岑溪"
	}, {
		"name": "岔江"
	}, {
		"name": "岔河"
	}, {
		"name": "崇信"
	}, {
		"name": "崇州"
	}, {
		"name": "崇左"
	}, {
		"name": "崇礼"
	}, {
		"name": "崔黄口"
	}, {
		"name": "嵯岗"
	}, {
		"name": "巢湖"
	}, {
		"name": "巢湖东"
	}, {
		"name": "常山"
	}, {
		"name": "常州"
	}, {
		"name": "常州北"
	}, {
		"name": "常平"
	}, {
		"name": "常平东"
	}, {
		"name": "常平南"
	}, {
		"name": "常庄"
	}, {
		"name": "常德"
	}, {
		"name": "常村"
	}, {
		"name": "常熟"
	}, {
		"name": "慈利"
	}, {
		"name": "成吉思汗"
	}, {
		"name": "成都"
	}, {
		"name": "成都东"
	}, {
		"name": "成都南"
	}, {
		"name": "成都西"
	}, {
		"name": "成高子"
	}, {
		"name": "承德"
	}, {
		"name": "承德东"
	}, {
		"name": "承德南"
	}, {
		"name": "承德县北"
	}, {
		"name": "昌乐"
	}, {
		"name": "昌图"
	}, {
		"name": "昌图西"
	}, {
		"name": "昌平"
	}, {
		"name": "昌平北"
	}, {
		"name": "昌邑"
	}, {
		"name": "昌黎"
	}, {
		"name": "春亭阁"
	}, {
		"name": "春申"
	}, {
		"name": "晨明"
	}, {
		"name": "曹县"
	}, {
		"name": "曹妃甸港"
	}, {
		"name": "曹子里"
	}, {
		"name": "曾家坪子"
	}, {
		"name": "查布嘎"
	}, {
		"name": "查干湖"
	}, {
		"name": "查干特格"
	}, {
		"name": "柴沟堡"
	}, {
		"name": "柴河"
	}, {
		"name": "楚山"
	}, {
		"name": "楚雄"
	}, {
		"name": "楚鲁图"
	}, {
		"name": "池州"
	}, {
		"name": "沧州"
	}, {
		"name": "沧州西"
	}, {
		"name": "滁州"
	}, {
		"name": "滁州北"
	}, {
		"name": "潮汕"
	}, {
		"name": "潮阳"
	}, {
		"name": "磁山"
	}, {
		"name": "磁窑"
	}, {
		"name": "策勒"
	}, {
		"name": "翠岗"
	}, {
		"name": "翠峰"
	}, {
		"name": "苍南"
	}, {
		"name": "苍坪"
	}, {
		"name": "苍溪"
	}, {
		"name": "茨冲"
	}, {
		"name": "茨坝"
	}, {
		"name": "茶陵南"
	}, {
		"name": "草河口"
	}, {
		"name": "草海"
	}, {
		"name": "蔡家坡"
	}, {
		"name": "蔡家崖"
	}, {
		"name": "蔡家沟"
	}, {
		"name": "赤壁"
	}, {
		"name": "赤壁北"
	}, {
		"name": "赤峰"
	}, {
		"name": "赤峰南"
	}, {
		"name": "超梁沟"
	}, {
		"name": "辰溪"
	}, {
		"name": "郴州"
	}, {
		"name": "郴州西"
	}, {
		"name": "陈庄"
	}, {
		"name": "陈江南"
	}, {
		"name": "陈相屯"
	}]
}, {
	"tag": "D",
	"textArray": [{
		"name": "东丰"
	}, {
		"name": "东乡"
	}, {
		"name": "东二道河"
	}, {
		"name": "东京城"
	}, {
		"name": "东光"
	}, {
		"name": "东兴"
	}, {
		"name": "东台"
	}, {
		"name": "东城南"
	}, {
		"name": "东安东"
	}, {
		"name": "东岔"
	}, {
		"name": "东庄"
	}, {
		"name": "东戴河"
	}, {
		"name": "东方"
	}, {
		"name": "东方红"
	}, {
		"name": "东明村"
	}, {
		"name": "东来"
	}, {
		"name": "东津"
	}, {
		"name": "东海"
	}, {
		"name": "东海县"
	}, {
		"name": "东淤地"
	}, {
		"name": "东港北"
	}, {
		"name": "东湾"
	}, {
		"name": "东胜东"
	}, {
		"name": "东胜西"
	}, {
		"name": "东至"
	}, {
		"name": "东花园北"
	}, {
		"name": "东莞"
	}, {
		"name": "东莞东"
	}, {
		"name": "东莞南"
	}, {
		"name": "东莞港"
	}, {
		"name": "东莞西"
	}, {
		"name": "东营"
	}, {
		"name": "东营南"
	}, {
		"name": "东边井"
	}, {
		"name": "东镇"
	}, {
		"name": "东阳关"
	}, {
		"name": "东风南"
	}, {
		"name": "丹东"
	}, {
		"name": "丹凤"
	}, {
		"name": "丹徒"
	}, {
		"name": "丹江口"
	}, {
		"name": "丹阳"
	}, {
		"name": "丹阳北"
	}, {
		"name": "代县"
	}, {
		"name": "代湾"
	}, {
		"name": "低庄"
	}, {
		"name": "低窝铺"
	}, {
		"name": "兑镇"
	}, {
		"name": "党武"
	}, {
		"name": "刀尔登"
	}, {
		"name": "到保"
	}, {
		"name": "垫江"
	}, {
		"name": "大丰"
	}, {
		"name": "大乌苏"
	}, {
		"name": "大余"
	}, {
		"name": "大关"
	}, {
		"name": "大兴"
	}, {
		"name": "大兴机场"
	}, {
		"name": "大冶北"
	}, {
		"name": "大口屯"
	}, {
		"name": "大同"
	}, {
		"name": "大同南"
	}, {
		"name": "大坝"
	}, {
		"name": "大堡"
	}, {
		"name": "大孤山"
	}, {
		"name": "大安"
	}, {
		"name": "大安北"
	}, {
		"name": "大屯"
	}, {
		"name": "大山铺"
	}, {
		"name": "大庆"
	}, {
		"name": "大庆东"
	}, {
		"name": "大庆西"
	}, {
		"name": "大战场"
	}, {
		"name": "大扬气"
	}, {
		"name": "大方"
	}, {
		"name": "大方南"
	}, {
		"name": "大旺"
	}, {
		"name": "大明湖"
	}, {
		"name": "大朗镇"
	}, {
		"name": "大杖子"
	}, {
		"name": "大杨树"
	}, {
		"name": "大杨树东"
	}, {
		"name": "大板"
	}, {
		"name": "大林"
	}, {
		"name": "大柴旦"
	}, {
		"name": "大武口"
	}, {
		"name": "大民屯"
	}, {
		"name": "大河坝"
	}, {
		"name": "大涧"
	}, {
		"name": "大港南"
	}, {
		"name": "大灰厂"
	}, {
		"name": "大理"
	}, {
		"name": "大田边"
	}, {
		"name": "大盘石"
	}, {
		"name": "大石头"
	}, {
		"name": "大石头南"
	}, {
		"name": "大石寨"
	}, {
		"name": "大石桥"
	}, {
		"name": "大磴沟"
	}, {
		"name": "大竹园"
	}, {
		"name": "大英东"
	}, {
		"name": "大荔"
	}, {
		"name": "大营"
	}, {
		"name": "大营镇"
	}, {
		"name": "大虎山"
	}, {
		"name": "大足"
	}, {
		"name": "大足南"
	}, {
		"name": "大连"
	}, {
		"name": "大连北"
	}, {
		"name": "大通西"
	}, {
		"name": "大邑"
	}, {
		"name": "大陆号"
	}, {
		"name": "大雁"
	}, {
		"name": "大青沟"
	}, {
		"name": "定南"
	}, {
		"name": "定南南"
	}, {
		"name": "定州"
	}, {
		"name": "定州东"
	}, {
		"name": "定襄"
	}, {
		"name": "定西"
	}, {
		"name": "定西北"
	}, {
		"name": "定边"
	}, {
		"name": "定远"
	}, {
		"name": "定陶"
	}, {
		"name": "对青山"
	}, {
		"name": "岱岳"
	}, {
		"name": "带岭"
	}, {
		"name": "当涂东"
	}, {
		"name": "当阳"
	}, {
		"name": "当雄"
	}, {
		"name": "得耳布尔"
	}, {
		"name": "得莫利"
	}, {
		"name": "德令哈"
	}, {
		"name": "德保"
	}, {
		"name": "德兴"
	}, {
		"name": "德兴东"
	}, {
		"name": "德安"
	}, {
		"name": "德州"
	}, {
		"name": "德州东"
	}, {
		"name": "德惠"
	}, {
		"name": "德惠西"
	}, {
		"name": "德日斯图"
	}, {
		"name": "德昌"
	}, {
		"name": "德昌西"
	}, {
		"name": "德清"
	}, {
		"name": "德清西"
	}, {
		"name": "德阳"
	}, {
		"name": "打柴沟"
	}, {
		"name": "打羊"
	}, {
		"name": "敦化"
	}, {
		"name": "敦煌"
	}, {
		"name": "斗沟子"
	}, {
		"name": "杜尔伯特"
	}, {
		"name": "杜桥"
	}, {
		"name": "洞井"
	}, {
		"name": "洞口"
	}, {
		"name": "洞庙河"
	}, {
		"name": "渡市"
	}, {
		"name": "滴道"
	}, {
		"name": "灯塔"
	}, {
		"name": "独山"
	}, {
		"name": "电白"
	}, {
		"name": "甸心"
	}, {
		"name": "登沙河"
	}, {
		"name": "砀山"
	}, {
		"name": "砀山南"
	}, {
		"name": "端州"
	}, {
		"name": "董家口"
	}, {
		"name": "豆庄"
	}, {
		"name": "豆沙关"
	}, {
		"name": "达州"
	}, {
		"name": "达布逊"
	}, {
		"name": "达拉滨"
	}, {
		"name": "达拉特西"
	}, {
		"name": "达连河"
	}, {
		"name": "道州"
	}, {
		"name": "道滘"
	}, {
		"name": "邓家湾"
	}, {
		"name": "邓州"
	}, {
		"name": "邓州东"
	}, {
		"name": "都匀"
	}, {
		"name": "都匀东"
	}, {
		"name": "都昌"
	}, {
		"name": "都格"
	}, {
		"name": "都江堰"
	}, {
		"name": "鼎湖东"
	}, {
		"name": "鼎湖山"
	}]
}, {
	"tag": "E",
	"textArray": [{
		"name": "二井"
	}, {
		"name": "二营"
	}, {
		"name": "二连"
	}, {
		"name": "二道桥"
	}, {
		"name": "二道沟门"
	}, {
		"name": "二道湾"
	}, {
		"name": "二龙"
	}, {
		"name": "二龙山屯"
	}, {
		"name": "尔赛河"
	}, {
		"name": "峨山"
	}, {
		"name": "峨眉"
	}, {
		"name": "峨眉山"
	}, {
		"name": "峨边"
	}, {
		"name": "恩平"
	}, {
		"name": "恩施"
	}, {
		"name": "鄂尔多斯"
	}, {
		"name": "鄂州"
	}, {
		"name": "额敏"
	}, {
		"name": "额济纳"
	}]
}, {
	"tag": "F",
	"textArray": [{
		"name": "丰乐镇"
	}, {
		"name": "丰城"
	}, {
		"name": "丰城东"
	}, {
		"name": "丰城南"
	}, {
		"name": "丰水村"
	}, {
		"name": "丰都"
	}, {
		"name": "丰镇"
	}, {
		"name": "丰顺东"
	}, {
		"name": "凤凰古城"
	}, {
		"name": "凤凰城"
	}, {
		"name": "凤凰机场"
	}, {
		"name": "凤县"
	}, {
		"name": "凤台南"
	}, {
		"name": "凤城东"
	}, {
		"name": "凤州"
	}, {
		"name": "分宜"
	}, {
		"name": "发耳"
	}, {
		"name": "复盛"
	}, {
		"name": "奉化"
	}, {
		"name": "奉节"
	}, {
		"name": "富县东"
	}, {
		"name": "富宁"
	}, {
		"name": "富川"
	}, {
		"name": "富平"
	}, {
		"name": "富拉尔基"
	}, {
		"name": "富海"
	}, {
		"name": "富源"
	}, {
		"name": "富源北"
	}, {
		"name": "富蕴"
	}, {
		"name": "富裕"
	}, {
		"name": "富锦"
	}, {
		"name": "富阳"
	}, {
		"name": "富顺"
	}, {
		"name": "峰洞"
	}, {
		"name": "峰高铺"
	}, {
		"name": "扶余"
	}, {
		"name": "扶余北"
	}, {
		"name": "扶沟南"
	}, {
		"name": "扶绥"
	}, {
		"name": "抚宁"
	}, {
		"name": "抚州"
	}, {
		"name": "抚州东"
	}, {
		"name": "抚远"
	}, {
		"name": "抚顺北"
	}, {
		"name": "方城"
	}, {
		"name": "方正"
	}, {
		"name": "枫林"
	}, {
		"name": "汾河"
	}, {
		"name": "汾阳"
	}, {
		"name": "浮图峪"
	}, {
		"name": "涪陵"
	}, {
		"name": "涪陵北"
	}, {
		"name": "福临堡"
	}, {
		"name": "福利区"
	}, {
		"name": "福利屯"
	}, {
		"name": "福安"
	}, {
		"name": "福山口"
	}, {
		"name": "福山镇"
	}, {
		"name": "福州"
	}, {
		"name": "福州南"
	}, {
		"name": "福泉"
	}, {
		"name": "福海"
	}, {
		"name": "福海西"
	}, {
		"name": "福清"
	}, {
		"name": "福生庄"
	}, {
		"name": "福田"
	}, {
		"name": "福鼎"
	}, {
		"name": "肥东"
	}, {
		"name": "肥西"
	}, {
		"name": "芙蓉南"
	}, {
		"name": "芙蓉镇"
	}, {
		"name": "范家屯"
	}, {
		"name": "范镇"
	}, {
		"name": "费县"
	}, {
		"name": "费县北"
	}, {
		"name": "阜南"
	}, {
		"name": "阜宁"
	}, {
		"name": "阜宁东"
	}, {
		"name": "阜宁南"
	}, {
		"name": "阜新"
	}, {
		"name": "阜新南"
	}, {
		"name": "阜阳"
	}, {
		"name": "阜阳西"
	}, {
		"name": "防城港北"
	}, {
		"name": "风陵渡"
	}]
}, {
	"tag": "G",
	"textArray": [{
		"name": "个旧"
	}, {
		"name": "光山"
	}, {
		"name": "光明城"
	}, {
		"name": "公主岭"
	}, {
		"name": "公主岭南"
	}, {
		"name": "公庙子"
	}, {
		"name": "公积坂"
	}, {
		"name": "共和"
	}, {
		"name": "共青城"
	}, {
		"name": "关寨"
	}, {
		"name": "关岭"
	}, {
		"name": "关村坝"
	}, {
		"name": "关林"
	}, {
		"name": "冠豸山"
	}, {
		"name": "冠豸山南"
	}, {
		"name": "古丈西"
	}, {
		"name": "古交"
	}, {
		"name": "古冶"
	}, {
		"name": "古北口"
	}, {
		"name": "古城"
	}, {
		"name": "古城东"
	}, {
		"name": "古城镇"
	}, {
		"name": "古家沱"
	}, {
		"name": "古浪"
	}, {
		"name": "古源"
	}, {
		"name": "古田会址"
	}, {
		"name": "古田北"
	}, {
		"name": "古莲"
	}, {
		"name": "古镇"
	}, {
		"name": "嘎什甸子"
	}, {
		"name": "固原"
	}, {
		"name": "固始"
	}, {
		"name": "固安东"
	}, {
		"name": "固镇"
	}, {
		"name": "姑家堡"
	}, {
		"name": "孤山"
	}, {
		"name": "孤山口"
	}, {
		"name": "官高"
	}, {
		"name": "巩义"
	}, {
		"name": "巩义南"
	}, {
		"name": "干塘"
	}, {
		"name": "广元"
	}, {
		"name": "广南卫"
	}, {
		"name": "广南县"
	}, {
		"name": "广宁"
	}, {
		"name": "广安"
	}, {
		"name": "广安南"
	}, {
		"name": "广州"
	}, {
		"name": "广州东"
	}, {
		"name": "广州北"
	}, {
		"name": "广州南"
	}, {
		"name": "广平"
	}, {
		"name": "广德"
	}, {
		"name": "广德南"
	}, {
		"name": "广水"
	}, {
		"name": "广汉北"
	}, {
		"name": "广通北"
	}, {
		"name": "广顺场"
	}, {
		"name": "恭城"
	}, {
		"name": "果松"
	}, {
		"name": "根河"
	}, {
		"name": "格尔木"
	}, {
		"name": "桂平"
	}, {
		"name": "桂林"
	}, {
		"name": "桂林北"
	}, {
		"name": "桂林西"
	}, {
		"name": "橄榄坝"
	}, {
		"name": "沟口"
	}, {
		"name": "沟帮子"
	}, {
		"name": "泔溪"
	}, {
		"name": "灌云"
	}, {
		"name": "灌南"
	}, {
		"name": "灌水"
	}, {
		"name": "瓜州"
	}, {
		"name": "甘旗卡"
	}, {
		"name": "甘河"
	}, {
		"name": "甘泉北"
	}, {
		"name": "甘洛"
	}, {
		"name": "甘草店"
	}, {
		"name": "甘谷"
	}, {
		"name": "皋兰"
	}, {
		"name": "盖州"
	}, {
		"name": "盖州西"
	}, {
		"name": "葛店南"
	}, {
		"name": "葛根庙"
	}, {
		"name": "藁城南"
	}, {
		"name": "观沙岭"
	}, {
		"name": "观音机场"
	}, {
		"name": "贡嘎"
	}, {
		"name": "贵安"
	}, {
		"name": "贵定"
	}, {
		"name": "贵定北"
	}, {
		"name": "贵定县"
	}, {
		"name": "贵港"
	}, {
		"name": "贵溪"
	}, {
		"name": "贵阳"
	}, {
		"name": "贵阳东"
	}, {
		"name": "贵阳北"
	}, {
		"name": "赣县北"
	}, {
		"name": "赣州"
	}, {
		"name": "赣州西"
	}, {
		"name": "赣榆"
	}, {
		"name": "赶水"
	}, {
		"name": "赶水东"
	}, {
		"name": "郭家店"
	}, {
		"name": "郭尔奔敖包"
	}, {
		"name": "革居"
	}, {
		"name": "高兴"
	}, {
		"name": "高台"
	}, {
		"name": "高台南"
	}, {
		"name": "高坪"
	}, {
		"name": "高头"
	}, {
		"name": "高安"
	}, {
		"name": "高家村"
	}, {
		"name": "高密"
	}, {
		"name": "高密北"
	}, {
		"name": "高峰"
	}, {
		"name": "高州"
	}, {
		"name": "高平"
	}, {
		"name": "高平东"
	}, {
		"name": "高村"
	}, {
		"name": "高楞"
	}, {
		"name": "高滩"
	}, {
		"name": "高碑店"
	}, {
		"name": "高碑店东"
	}, {
		"name": "高谷"
	}, {
		"name": "高邑"
	}, {
		"name": "高邑西"
	}, {
		"name": "高邮"
	}, {
		"name": "高邮北"
	}]
}, {
	"tag": "H",
	"textArray": [{
		"name": "侯马"
	}, {
		"name": "侯马西"
	}, {
		"name": "化处"
	}, {
		"name": "化州"
	}, {
		"name": "化德"
	}, {
		"name": "化念"
	}, {
		"name": "华容东"
	}, {
		"name": "华山"
	}, {
		"name": "华山北"
	}, {
		"name": "华州"
	}, {
		"name": "厚街"
	}, {
		"name": "合川"
	}, {
		"name": "合浦"
	}, {
		"name": "合肥"
	}, {
		"name": "合肥北城"
	}, {
		"name": "合肥南"
	}, {
		"name": "合阳北"
	}, {
		"name": "含山南"
	}, {
		"name": "呼兰"
	}, {
		"name": "呼和浩特"
	}, {
		"name": "呼和浩特东"
	}, {
		"name": "呼鲁斯太"
	}, {
		"name": "和平北"
	}, {
		"name": "和田"
	}, {
		"name": "和硕"
	}, {
		"name": "和龙"
	}, {
		"name": "哈业胡同"
	}, {
		"name": "哈克"
	}, {
		"name": "哈力图"
	}, {
		"name": "哈密"
	}, {
		"name": "哈尔滨"
	}, {
		"name": "哈尔滨东"
	}, {
		"name": "哈尔滨北"
	}, {
		"name": "哈尔滨西"
	}, {
		"name": "哈尔盖"
	}, {
		"name": "哈拉海"
	}, {
		"name": "哈拉苏"
	}, {
		"name": "哈达铺"
	}, {
		"name": "哈达阳"
	}, {
		"name": "壶镇"
	}, {
		"name": "宏克力"
	}, {
		"name": "宏庆"
	}, {
		"name": "寒葱沟"
	}, {
		"name": "徽县"
	}, {
		"name": "怀仁"
	}, {
		"name": "怀仁东"
	}, {
		"name": "怀化"
	}, {
		"name": "怀化南"
	}, {
		"name": "怀宁"
	}, {
		"name": "怀安"
	}, {
		"name": "怀来"
	}, {
		"name": "怀柔"
	}, {
		"name": "怀柔北"
	}, {
		"name": "怀柔南"
	}, {
		"name": "怀集"
	}, {
		"name": "恒地营"
	}, {
		"name": "惠东"
	}, {
		"name": "惠农"
	}, {
		"name": "惠安"
	}, {
		"name": "惠安堡"
	}, {
		"name": "惠山"
	}, {
		"name": "惠州"
	}, {
		"name": "惠州北"
	}, {
		"name": "惠州南"
	}, {
		"name": "惠环"
	}, {
		"name": "换新天"
	}, {
		"name": "杭州"
	}, {
		"name": "杭州东"
	}, {
		"name": "杭州南"
	}, {
		"name": "杭锦旗"
	}, {
		"name": "核桃园"
	}, {
		"name": "桦南"
	}, {
		"name": "桦南东"
	}, {
		"name": "桦林"
	}, {
		"name": "横峰"
	}, {
		"name": "横江"
	}, {
		"name": "横沟桥东"
	}, {
		"name": "横琴"
	}, {
		"name": "横琴北"
	}, {
		"name": "横道河子"
	}, {
		"name": "横道河子东"
	}, {
		"name": "汇塘河"
	}, {
		"name": "汇流河"
	}, {
		"name": "汉中"
	}, {
		"name": "汉口"
	}, {
		"name": "汉寿南"
	}, {
		"name": "汉川"
	}, {
		"name": "汉源"
	}, {
		"name": "汉阴"
	}, {
		"name": "河东机场"
	}, {
		"name": "河东里"
	}, {
		"name": "河口北"
	}, {
		"name": "河口南"
	}, {
		"name": "河唇"
	}, {
		"name": "河津"
	}, {
		"name": "河源"
	}, {
		"name": "河源东"
	}, {
		"name": "河源北"
	}, {
		"name": "河边"
	}, {
		"name": "洪梅"
	}, {
		"name": "洪河"
	}, {
		"name": "洪洞"
	}, {
		"name": "洪洞西"
	}, {
		"name": "浩良河"
	}, {
		"name": "海伦"
	}, {
		"name": "海北"
	}, {
		"name": "海口"
	}, {
		"name": "海口东"
	}, {
		"name": "海城"
	}, {
		"name": "海城西"
	}, {
		"name": "海宁"
	}, {
		"name": "海宁西"
	}, {
		"name": "海安"
	}, {
		"name": "海拉尔"
	}, {
		"name": "海晏"
	}, {
		"name": "海林"
	}, {
		"name": "海林北"
	}, {
		"name": "海石湾"
	}, {
		"name": "海门"
	}, {
		"name": "海阳北"
	}, {
		"name": "涵江"
	}, {
		"name": "淮北"
	}, {
		"name": "淮北北"
	}, {
		"name": "淮南"
	}, {
		"name": "淮南东"
	}, {
		"name": "淮南南"
	}, {
		"name": "淮安"
	}, {
		"name": "淮安东"
	}, {
		"name": "淮滨"
	}, {
		"name": "淮阳南"
	}, {
		"name": "湖口"
	}, {
		"name": "湖州"
	}, {
		"name": "湖潮东"
	}, {
		"name": "湟源"
	}, {
		"name": "滑浚"
	}, {
		"name": "潢川"
	}, {
		"name": "猴山"
	}, {
		"name": "环县"
	}, {
		"name": "珲春"
	}, {
		"name": "红光镇"
	}, {
		"name": "红兴隆"
	}, {
		"name": "红安西"
	}, {
		"name": "红寺堡"
	}, {
		"name": "红寺堡北"
	}, {
		"name": "红山"
	}, {
		"name": "红岘台"
	}, {
		"name": "红峰"
	}, {
		"name": "红彦"
	}, {
		"name": "红星"
	}, {
		"name": "红果"
	}, {
		"name": "红砂坝"
	}, {
		"name": "红砂岘"
	}, {
		"name": "红花园"
	}, {
		"name": "花园"
	}, {
		"name": "花园口"
	}, {
		"name": "花土坡"
	}, {
		"name": "花土沟"
	}, {
		"name": "花城街"
	}, {
		"name": "花家庄"
	}, {
		"name": "花山镇"
	}, {
		"name": "花楼坝"
	}, {
		"name": "花湖"
	}, {
		"name": "花溪南"
	}, {
		"name": "花溪大学城"
	}, {
		"name": "花溪西"
	}, {
		"name": "花都"
	}, {
		"name": "荷塘"
	}, {
		"name": "获嘉"
	}, {
		"name": "菏泽"
	}, {
		"name": "菏泽东"
	}, {
		"name": "葫芦岛"
	}, {
		"name": "葫芦岛北"
	}, {
		"name": "虎什哈"
	}, {
		"name": "虎尔虎拉"
	}, {
		"name": "虎林"
	}, {
		"name": "虎门"
	}, {
		"name": "虎门东"
	}, {
		"name": "虎门北"
	}, {
		"name": "衡山"
	}, {
		"name": "衡山西"
	}, {
		"name": "衡水"
	}, {
		"name": "衡水北"
	}, {
		"name": "衡阳"
	}, {
		"name": "衡阳东"
	}, {
		"name": "贺家店"
	}, {
		"name": "贺州"
	}, {
		"name": "贺胜桥东"
	}, {
		"name": "赫尔洪得"
	}, {
		"name": "邯郸"
	}, {
		"name": "邯郸东"
	}, {
		"name": "鄠邑"
	}, {
		"name": "霍州"
	}, {
		"name": "霍州东"
	}, {
		"name": "霍林郭勒"
	}, {
		"name": "霍邱"
	}, {
		"name": "韩城"
	}, {
		"name": "韩府湾"
	}, {
		"name": "鲘门"
	}, {
		"name": "鹤北"
	}, {
		"name": "鹤壁"
	}, {
		"name": "鹤壁东"
	}, {
		"name": "鹤岗"
	}, {
		"name": "鹤庆"
	}, {
		"name": "鹤立"
	}, {
		"name": "黄冈"
	}, {
		"name": "黄冈东"
	}, {
		"name": "黄冈西"
	}, {
		"name": "黄口"
	}, {
		"name": "黄山北"
	}, {
		"name": "黄州"
	}, {
		"name": "黄平"
	}, {
		"name": "黄松甸"
	}, {
		"name": "黄柏"
	}, {
		"name": "黄桶北"
	}, {
		"name": "黄梅"
	}, {
		"name": "黄梅东"
	}, {
		"name": "黄河景区"
	}, {
		"name": "黄泥河"
	}, {
		"name": "黄流"
	}, {
		"name": "黄石"
	}, {
		"name": "黄石北"
	}, {
		"name": "黄磏"
	}, {
		"name": "黄羊湾"
	}, {
		"name": "黄羊滩"
	}, {
		"name": "黄羊镇"
	}, {
		"name": "黄陵南"
	}, {
		"name": "黑井"
	}, {
		"name": "黑冲滩"
	}, {
		"name": "黑台"
	}, {
		"name": "黑山北"
	}, {
		"name": "黑山寺"
	}, {
		"name": "黑旺"
	}, {
		"name": "黑水"
	}, {
		"name": "黑河"
	}]
}, {
	"tag": "I",
	"textArray": []
}, {
	"tag": "J",
	"textArray": [{
		"name": "九三"
	}, {
		"name": "九台"
	}, {
		"name": "九台南"
	}, {
		"name": "九江"
	}, {
		"name": "九龙塘"
	}, {
		"name": "井冈山"
	}, {
		"name": "井店"
	}, {
		"name": "井陉"
	}, {
		"name": "交城"
	}, {
		"name": "京山"
	}, {
		"name": "介休"
	}, {
		"name": "介休东"
	}, {
		"name": "佳木斯"
	}, {
		"name": "军粮城北"
	}, {
		"name": "剑门关"
	}, {
		"name": "加劳"
	}, {
		"name": "加查"
	}, {
		"name": "加格达奇"
	}, {
		"name": "劲松"
	}, {
		"name": "即墨北"
	}, {
		"name": "句容西"
	}, {
		"name": "吉安"
	}, {
		"name": "吉安西"
	}, {
		"name": "吉文"
	}, {
		"name": "吉新河"
	}, {
		"name": "吉林"
	}, {
		"name": "吉水西"
	}, {
		"name": "吉舒"
	}, {
		"name": "吉首"
	}, {
		"name": "吉首东"
	}, {
		"name": "嘉兴"
	}, {
		"name": "嘉兴南"
	}, {
		"name": "嘉善"
	}, {
		"name": "嘉善南"
	}, {
		"name": "嘉峪关"
	}, {
		"name": "嘉峪关南"
	}, {
		"name": "嘉祥"
	}, {
		"name": "嘉祥北"
	}, {
		"name": "姜堰"
	}, {
		"name": "尖山"
	}, {
		"name": "尖峰"
	}, {
		"name": "巨野"
	}, {
		"name": "巨野北"
	}, {
		"name": "建三江"
	}, {
		"name": "建始"
	}, {
		"name": "建宁县北"
	}, {
		"name": "建平"
	}, {
		"name": "建德"
	}, {
		"name": "建昌"
	}, {
		"name": "建桥"
	}, {
		"name": "建水"
	}, {
		"name": "建湖"
	}, {
		"name": "建瓯"
	}, {
		"name": "建瓯东"
	}, {
		"name": "建瓯西"
	}, {
		"name": "建阳"
	}, {
		"name": "揭阳"
	}, {
		"name": "揭阳机场"
	}, {
		"name": "敬梓场"
	}, {
		"name": "旌德"
	}, {
		"name": "晋中"
	}, {
		"name": "晋城"
	}, {
		"name": "晋城东"
	}, {
		"name": "晋州"
	}, {
		"name": "晋江"
	}, {
		"name": "景州"
	}, {
		"name": "景德镇"
	}, {
		"name": "景德镇北"
	}, {
		"name": "景泰"
	}, {
		"name": "江华"
	}, {
		"name": "江宁西"
	}, {
		"name": "江山"
	}, {
		"name": "江所田"
	}, {
		"name": "江桥"
	}, {
		"name": "江永"
	}, {
		"name": "江油"
	}, {
		"name": "江油北"
	}, {
		"name": "江津"
	}, {
		"name": "江源"
	}, {
		"name": "江都"
	}, {
		"name": "江门"
	}, {
		"name": "江门东"
	}, {
		"name": "泾县"
	}, {
		"name": "泾川"
	}, {
		"name": "济南"
	}, {
		"name": "济南东"
	}, {
		"name": "济南西"
	}, {
		"name": "济宁"
	}, {
		"name": "济宁东"
	}, {
		"name": "济宁北"
	}, {
		"name": "济源"
	}, {
		"name": "焦作"
	}, {
		"name": "焦作西"
	}, {
		"name": "甲山"
	}, {
		"name": "甲猫"
	}, {
		"name": "界山"
	}, {
		"name": "界首南"
	}, {
		"name": "界首市"
	}, {
		"name": "碱柜"
	}, {
		"name": "稷山"
	}, {
		"name": "简阳南"
	}, {
		"name": "精河南"
	}, {
		"name": "纪家沟"
	}, {
		"name": "经棚"
	}, {
		"name": "绩溪北"
	}, {
		"name": "缙云"
	}, {
		"name": "缙云西"
	}, {
		"name": "胶州"
	}, {
		"name": "胶州北"
	}, {
		"name": "芨岭"
	}, {
		"name": "荆州"
	}, {
		"name": "荆门"
	}, {
		"name": "莒南"
	}, {
		"name": "莒南北"
	}, {
		"name": "莒县"
	}, {
		"name": "蓟州"
	}, {
		"name": "蓟州北"
	}, {
		"name": "蛟河"
	}, {
		"name": "蛟河西"
	}, {
		"name": "角美"
	}, {
		"name": "车墩"
	}, {
		"name": "车转湾"
	}, {
		"name": "进贤"
	}, {
		"name": "进贤南"
	}, {
		"name": "郏县"
	}, {
		"name": "酒泉"
	}, {
		"name": "酒泉南"
	}, {
		"name": "金刚沱"
	}, {
		"name": "金华"
	}, {
		"name": "金华南"
	}, {
		"name": "金华镇"
	}, {
		"name": "金口河"
	}, {
		"name": "金城江"
	}, {
		"name": "金塔"
	}, {
		"name": "金宝屯"
	}, {
		"name": "金寨"
	}, {
		"name": "金山"
	}, {
		"name": "金山北"
	}, {
		"name": "金山卫"
	}, {
		"name": "金山园区"
	}, {
		"name": "金山屯"
	}, {
		"name": "金州"
	}, {
		"name": "金昌"
	}, {
		"name": "金普"
	}, {
		"name": "金月湾"
	}, {
		"name": "金杖子"
	}, {
		"name": "金林"
	}, {
		"name": "金沟屯"
	}, {
		"name": "金河"
	}, {
		"name": "金钟"
	}, {
		"name": "金阳"
	}, {
		"name": "金阳南"
	}, {
		"name": "锦和"
	}, {
		"name": "锦州"
	}, {
		"name": "锦州北"
	}, {
		"name": "锦州南"
	}, {
		"name": "锦界"
	}, {
		"name": "镜铁山"
	}, {
		"name": "集宁南"
	}, {
		"name": "集安"
	}, {
		"name": "靖州"
	}, {
		"name": "靖西"
	}, {
		"name": "靖边"
	}, {
		"name": "靖远"
	}, {
		"name": "靖远西"
	}, {
		"name": "静海"
	}, {
		"name": "鸡东"
	}, {
		"name": "鸡西"
	}, {
		"name": "鸡西西"
	}]
}, {
	"tag": "K",
	"textArray": [{
		"name": "会同"
	}, {
		"name": "会昌北"
	}, {
		"name": "克一河"
	}, {
		"name": "克东"
	}, {
		"name": "克山"
	}, {
		"name": "克拉玛依"
	}, {
		"name": "凯北"
	}, {
		"name": "凯里"
	}, {
		"name": "凯里南"
	}, {
		"name": "口头"
	}, {
		"name": "喀什"
	}, {
		"name": "喀喇其"
	}, {
		"name": "喀左"
	}, {
		"name": "奎屯"
	}, {
		"name": "奎山"
	}, {
		"name": "孔滩"
	}, {
		"name": "岢岚"
	}, {
		"name": "库伦"
	}, {
		"name": "库尔勒"
	}, {
		"name": "库车"
	}, {
		"name": "库都尔"
	}, {
		"name": "康城"
	}, {
		"name": "康金井"
	}, {
		"name": "开化"
	}, {
		"name": "开原"
	}, {
		"name": "开原西"
	}, {
		"name": "开封"
	}, {
		"name": "开封北"
	}, {
		"name": "开平南"
	}, {
		"name": "开江"
	}, {
		"name": "开福寺"
	}, {
		"name": "开阳"
	}, {
		"name": "开鲁"
	}, {
		"name": "昆山"
	}, {
		"name": "昆山南"
	}, {
		"name": "昆明"
	}, {
		"name": "昆明南"
	}, {
		"name": "昆玉"
	}, {
		"name": "昆都仑召"
	}, {
		"name": "柯柯"
	}, {
		"name": "葵潭"
	}]
}, {
	"tag": "L",
	"textArray": [{
		"name": "两家"
	}, {
		"name": "两当"
	}, {
		"name": "临城"
	}, {
		"name": "临平南"
	}, {
		"name": "临江"
	}, {
		"name": "临江场"
	}, {
		"name": "临江溪"
	}, {
		"name": "临汾"
	}, {
		"name": "临汾西"
	}, {
		"name": "临沂"
	}, {
		"name": "临沂东"
	}, {
		"name": "临沂北"
	}, {
		"name": "临沧"
	}, {
		"name": "临河"
	}, {
		"name": "临泉"
	}, {
		"name": "临泽"
	}, {
		"name": "临泽南"
	}, {
		"name": "临海"
	}, {
		"name": "临海南"
	}, {
		"name": "临淄北"
	}, {
		"name": "临清"
	}, {
		"name": "临湘"
	}, {
		"name": "临潼"
	}, {
		"name": "临澧"
	}, {
		"name": "临邑"
	}, {
		"name": "临颍"
	}, {
		"name": "临高南"
	}, {
		"name": "丽水"
	}, {
		"name": "丽江"
	}, {
		"name": "六个鸡"
	}, {
		"name": "六合镇"
	}, {
		"name": "六安"
	}, {
		"name": "六枝"
	}, {
		"name": "六枝南"
	}, {
		"name": "六盘山"
	}, {
		"name": "六盘水"
	}, {
		"name": "六盘水东"
	}, {
		"name": "六道河子"
	}, {
		"name": "兰岗"
	}, {
		"name": "兰州"
	}, {
		"name": "兰州东"
	}, {
		"name": "兰州新区"
	}, {
		"name": "兰州西"
	}, {
		"name": "兰棱"
	}, {
		"name": "兰溪"
	}, {
		"name": "兰考"
	}, {
		"name": "兰考南"
	}, {
		"name": "兰陵北"
	}, {
		"name": "冷坝"
	}, {
		"name": "冷水江东"
	}, {
		"name": "凉水井"
	}, {
		"name": "凉红"
	}, {
		"name": "凌海南"
	}, {
		"name": "凌源"
	}, {
		"name": "凌源东"
	}, {
		"name": "刘家河"
	}, {
		"name": "刘征"
	}, {
		"name": "刘沟"
	}, {
		"name": "利川"
	}, {
		"name": "利津南"
	}, {
		"name": "卢龙"
	}, {
		"name": "厉家寨"
	}, {
		"name": "吕梁"
	}, {
		"name": "喇嘛山"
	}, {
		"name": "娄山关"
	}, {
		"name": "娄山关南"
	}, {
		"name": "娄底"
	}, {
		"name": "娄底南"
	}, {
		"name": "娄烦"
	}, {
		"name": "寮步"
	}, {
		"name": "岚县"
	}, {
		"name": "岚山西"
	}, {
		"name": "庐山"
	}, {
		"name": "庐江"
	}, {
		"name": "庐江西"
	}, {
		"name": "廉江"
	}, {
		"name": "廊坊"
	}, {
		"name": "廊坊北"
	}, {
		"name": "拉古"
	}, {
		"name": "拉哈"
	}, {
		"name": "拉林"
	}, {
		"name": "拉白"
	}, {
		"name": "拉萨"
	}, {
		"name": "朗乡"
	}, {
		"name": "朗县"
	}, {
		"name": "李子沟"
	}, {
		"name": "李家"
	}, {
		"name": "李家坪"
	}, {
		"name": "李市镇"
	}, {
		"name": "李旺"
	}, {
		"name": "来凤"
	}, {
		"name": "来宾"
	}, {
		"name": "来宾北"
	}, {
		"name": "林东"
	}, {
		"name": "林口"
	}, {
		"name": "林口南"
	}, {
		"name": "林海"
	}, {
		"name": "林芝"
	}, {
		"name": "林西"
	}, {
		"name": "柳园"
	}, {
		"name": "柳园南"
	}, {
		"name": "柳家庄"
	}, {
		"name": "柳州"
	}, {
		"name": "柳林南"
	}, {
		"name": "柳树屯"
	}, {
		"name": "柳毛"
	}, {
		"name": "柳沟"
	}, {
		"name": "柳河"
	}, {
		"name": "梁山"
	}, {
		"name": "梁平"
	}, {
		"name": "梁平南"
	}, {
		"name": "梁底下"
	}, {
		"name": "梨树镇"
	}, {
		"name": "沥林北"
	}, {
		"name": "泸县"
	}, {
		"name": "泸州"
	}, {
		"name": "洛川东"
	}, {
		"name": "洛浦"
	}, {
		"name": "洛湾三江"
	}, {
		"name": "洛碛"
	}, {
		"name": "洛门"
	}, {
		"name": "洛阳"
	}, {
		"name": "洛阳龙门"
	}, {
		"name": "流水沟"
	}, {
		"name": "涞源"
	}, {
		"name": "涟水"
	}, {
		"name": "涟源"
	}, {
		"name": "溧水"
	}, {
		"name": "溧阳"
	}, {
		"name": "滥坝"
	}, {
		"name": "滦县"
	}, {
		"name": "滦平"
	}, {
		"name": "滦河"
	}, {
		"name": "滦河沿"
	}, {
		"name": "潞城"
	}, {
		"name": "澧县"
	}, {
		"name": "濑湍"
	}, {
		"name": "灵丘"
	}, {
		"name": "灵宝"
	}, {
		"name": "灵宝西"
	}, {
		"name": "灵武"
	}, {
		"name": "灵武北"
	}, {
		"name": "灵璧"
	}, {
		"name": "灵石"
	}, {
		"name": "灵石东"
	}, {
		"name": "狼尾山"
	}, {
		"name": "珞璜南"
	}, {
		"name": "略阳"
	}, {
		"name": "礼泉"
	}, {
		"name": "礼泉南"
	}, {
		"name": "禄丰南"
	}, {
		"name": "离堆公园"
	}, {
		"name": "立志"
	}, {
		"name": "绿化"
	}, {
		"name": "绿博园"
	}, {
		"name": "绿潭"
	}, {
		"name": "罗城"
	}, {
		"name": "罗山"
	}, {
		"name": "罗平"
	}, {
		"name": "罗江东"
	}, {
		"name": "罗源"
	}, {
		"name": "老城镇"
	}, {
		"name": "老羊壕"
	}, {
		"name": "老莱"
	}, {
		"name": "耒阳"
	}, {
		"name": "耒阳西"
	}, {
		"name": "聊城"
	}, {
		"name": "联合乡"
	}, {
		"name": "良乡"
	}, {
		"name": "良各庄"
	}, {
		"name": "芦台"
	}, {
		"name": "芦官"
	}, {
		"name": "芦家村"
	}, {
		"name": "芦庙"
	}, {
		"name": "芦沟"
	}, {
		"name": "莱芜东"
	}, {
		"name": "莱西"
	}, {
		"name": "莱西南"
	}, {
		"name": "莱阳"
	}, {
		"name": "莲江口"
	}, {
		"name": "蓝村"
	}, {
		"name": "蔺家楼"
	}, {
		"name": "路口铺"
	}, {
		"name": "轮台"
	}, {
		"name": "辽中"
	}, {
		"name": "辽宁朝阳"
	}, {
		"name": "辽源"
	}, {
		"name": "辽阳"
	}, {
		"name": "连云港"
	}, {
		"name": "连云港东"
	}, {
		"name": "连山关"
	}, {
		"name": "连江"
	}, {
		"name": "连珠山"
	}, {
		"name": "郎溪南"
	}, {
		"name": "醴陵"
	}, {
		"name": "醴陵东"
	}, {
		"name": "阆中"
	}, {
		"name": "陆丰"
	}, {
		"name": "陆川"
	}, {
		"name": "陆良"
	}, {
		"name": "陇南"
	}, {
		"name": "陇南西"
	}, {
		"name": "陇县"
	}, {
		"name": "陇西"
	}, {
		"name": "陵城"
	}, {
		"name": "陵水"
	}, {
		"name": "隆化"
	}, {
		"name": "隆回"
	}, {
		"name": "隆安东"
	}, {
		"name": "隆昌"
	}, {
		"name": "隆昌北"
	}, {
		"name": "零陵"
	}, {
		"name": "雷州"
	}, {
		"name": "露水河"
	}, {
		"name": "鲁山"
	}, {
		"name": "鲁河"
	}, {
		"name": "鲁番"
	}, {
		"name": "鹿寨北"
	}, {
		"name": "麓谷"
	}, {
		"name": "黎城"
	}, {
		"name": "黎塘"
	}, {
		"name": "龙丰"
	}, {
		"name": "龙井"
	}, {
		"name": "龙南"
	}, {
		"name": "龙南东"
	}, {
		"name": "龙口市"
	}, {
		"name": "龙嘉"
	}, {
		"name": "龙塘坝"
	}, {
		"name": "龙塘镇"
	}, {
		"name": "龙山北"
	}, {
		"name": "龙山镇"
	}, {
		"name": "龙岩"
	}, {
		"name": "龙川"
	}, {
		"name": "龙川西"
	}, {
		"name": "龙市"
	}, {
		"name": "龙桥"
	}, {
		"name": "龙江"
	}, {
		"name": "龙池"
	}, {
		"name": "龙沟"
	}, {
		"name": "龙泉寺"
	}, {
		"name": "龙泉市"
	}, {
		"name": "龙洞堡"
	}, {
		"name": "龙游"
	}, {
		"name": "龙游南"
	}, {
		"name": "龙船"
	}, {
		"name": "龙里北"
	}, {
		"name": "龙镇"
	}, {
		"name": "龙门河"
	}, {
		"name": "龙骨甸"
	}]
}, {
	"tag": "M",
	"textArray": [{
		"name": "免渡河"
	}, {
		"name": "冕宁"
	}, {
		"name": "冕山"
	}, {
		"name": "勉县"
	}, {
		"name": "勐腊"
	}, {
		"name": "名山"
	}, {
		"name": "墨江"
	}, {
		"name": "墨玉"
	}, {
		"name": "孟关"
	}, {
		"name": "孟塬"
	}, {
		"name": "孟家岗"
	}, {
		"name": "密云"
	}, {
		"name": "密云北"
	}, {
		"name": "密山"
	}, {
		"name": "密山西"
	}, {
		"name": "岷县"
	}, {
		"name": "帽儿山"
	}, {
		"name": "帽儿山西"
	}, {
		"name": "庙城"
	}, {
		"name": "庙山"
	}, {
		"name": "庙庄"
	}, {
		"name": "弥勒"
	}, {
		"name": "明光"
	}, {
		"name": "明城"
	}, {
		"name": "明安"
	}, {
		"name": "明水河"
	}, {
		"name": "明港东"
	}, {
		"name": "明珠"
	}, {
		"name": "暮云"
	}, {
		"name": "木竹河"
	}, {
		"name": "梅州"
	}, {
		"name": "梅州西"
	}, {
		"name": "梅江"
	}, {
		"name": "梅河口"
	}, {
		"name": "梅花山"
	}, {
		"name": "毛坝"
	}, {
		"name": "毛坝关"
	}, {
		"name": "民丰"
	}, {
		"name": "民族"
	}, {
		"name": "民权"
	}, {
		"name": "民权北"
	}, {
		"name": "民福寺"
	}, {
		"name": "汨罗"
	}, {
		"name": "汨罗东"
	}, {
		"name": "满归"
	}, {
		"name": "满洲里"
	}, {
		"name": "漠河"
	}, {
		"name": "漫流河"
	}, {
		"name": "煤田"
	}, {
		"name": "牟平"
	}, {
		"name": "牡丹江"
	}, {
		"name": "牧原"
	}, {
		"name": "眉县东"
	}, {
		"name": "眉山"
	}, {
		"name": "眉山东"
	}, {
		"name": "磨刀石"
	}, {
		"name": "磨憨"
	}, {
		"name": "穆棱"
	}, {
		"name": "米兰"
	}, {
		"name": "米易"
	}, {
		"name": "米易东"
	}, {
		"name": "米林"
	}, {
		"name": "米脂"
	}, {
		"name": "绵阳"
	}, {
		"name": "美兰"
	}, {
		"name": "美岱召"
	}, {
		"name": "美溪"
	}, {
		"name": "茂名"
	}, {
		"name": "茂名西"
	}, {
		"name": "茂林"
	}, {
		"name": "茂舍祖"
	}, {
		"name": "茅草坪"
	}, {
		"name": "莫尔道嘎"
	}, {
		"name": "蒙山"
	}, {
		"name": "蒙渡"
	}, {
		"name": "蒙自"
	}, {
		"name": "门源"
	}, {
		"name": "闽清北"
	}, {
		"name": "马兰"
	}, {
		"name": "马海"
	}, {
		"name": "马盖图"
	}, {
		"name": "马莲河"
	}, {
		"name": "马踏"
	}, {
		"name": "马鞍山"
	}, {
		"name": "马鞍山东"
	}, {
		"name": "马龙"
	}, {
		"name": "麻城"
	}, {
		"name": "麻城北"
	}, {
		"name": "麻尾"
	}, {
		"name": "麻山"
	}, {
		"name": "麻柳"
	}, {
		"name": "麻阳"
	}, {
		"name": "麻阳西"
	}]
}, {
	"tag": "N",
	"textArray": [{
		"name": "乃林"
	}, {
		"name": "内乡"
	}, {
		"name": "内江"
	}, {
		"name": "内江东"
	}, {
		"name": "内江北"
	}, {
		"name": "内黄"
	}, {
		"name": "农安"
	}, {
		"name": "南丰"
	}, {
		"name": "南丹"
	}, {
		"name": "南京"
	}, {
		"name": "南京南"
	}, {
		"name": "南仇"
	}, {
		"name": "南充"
	}, {
		"name": "南充北"
	}, {
		"name": "南华"
	}, {
		"name": "南博山"
	}, {
		"name": "南召"
	}, {
		"name": "南城"
	}, {
		"name": "南城司"
	}, {
		"name": "南大庙"
	}, {
		"name": "南头"
	}, {
		"name": "南宁"
	}, {
		"name": "南宁东"
	}, {
		"name": "南宁西"
	}, {
		"name": "南尔岗"
	}, {
		"name": "南屯"
	}, {
		"name": "南岔"
	}, {
		"name": "南峧"
	}, {
		"name": "南平市"
	}, {
		"name": "南昌"
	}, {
		"name": "南昌西"
	}, {
		"name": "南朗"
	}, {
		"name": "南木"
	}, {
		"name": "南杂木"
	}, {
		"name": "南桥"
	}, {
		"name": "南江"
	}, {
		"name": "南江口"
	}, {
		"name": "南河川"
	}, {
		"name": "南湖东"
	}, {
		"name": "南湾子"
	}, {
		"name": "南漳"
	}, {
		"name": "南翔北"
	}, {
		"name": "南芬"
	}, {
		"name": "南芬北"
	}, {
		"name": "南观村"
	}, {
		"name": "南通"
	}, {
		"name": "南通西"
	}, {
		"name": "南部"
	}, {
		"name": "南阳"
	}, {
		"name": "南阳东"
	}, {
		"name": "南阳寨"
	}, {
		"name": "南陵"
	}, {
		"name": "南雄"
	}, {
		"name": "南靖"
	}, {
		"name": "奈曼"
	}, {
		"name": "娘子关"
	}, {
		"name": "嫩江"
	}, {
		"name": "宁东"
	}, {
		"name": "宁东南"
	}, {
		"name": "宁乡"
	}, {
		"name": "宁化"
	}, {
		"name": "宁县"
	}, {
		"name": "宁城"
	}, {
		"name": "宁安"
	}, {
		"name": "宁强南"
	}, {
		"name": "宁德"
	}, {
		"name": "宁明"
	}, {
		"name": "宁武"
	}, {
		"name": "宁波"
	}, {
		"name": "宁洱"
	}, {
		"name": "宁海"
	}, {
		"name": "宁都"
	}, {
		"name": "宁陵县"
	}, {
		"name": "尼日"
	}, {
		"name": "尼木"
	}, {
		"name": "尼波"
	}, {
		"name": "暖泉"
	}, {
		"name": "泥溪"
	}, {
		"name": "牛家"
	}, {
		"name": "牛庄"
	}, {
		"name": "牛栏山"
	}, {
		"name": "牛河梁"
	}, {
		"name": "牛车河"
	}, {
		"name": "碾子山"
	}, {
		"name": "纳雍"
	}, {
		"name": "聂河"
	}, {
		"name": "讷尔克气"
	}, {
		"name": "讷河"
	}, {
		"name": "那曲"
	}, {
		"name": "闹海营"
	}]
}, {
	"tag": "O",
	"textArray": []
}, {
	"tag": "P",
	"textArray": [{
		"name": "偏店"
	}, {
		"name": "冯屯"
	}, {
		"name": "凭祥"
	}, {
		"name": "坡底下"
	}, {
		"name": "坪石"
	}, {
		"name": "堡子湾"
	}, {
		"name": "屏南"
	}, {
		"name": "屏山"
	}, {
		"name": "屏边"
	}, {
		"name": "平关"
	}, {
		"name": "平凉"
	}, {
		"name": "平凉南"
	}, {
		"name": "平南南"
	}, {
		"name": "平原"
	}, {
		"name": "平原东"
	}, {
		"name": "平原堡"
	}, {
		"name": "平台"
	}, {
		"name": "平坝南"
	}, {
		"name": "平安驿"
	}, {
		"name": "平山"
	}, {
		"name": "平峪"
	}, {
		"name": "平庄"
	}, {
		"name": "平庄北"
	}, {
		"name": "平度"
	}, {
		"name": "平度西"
	}, {
		"name": "平房"
	}, {
		"name": "平旺"
	}, {
		"name": "平昌"
	}, {
		"name": "平果"
	}, {
		"name": "平河口"
	}, {
		"name": "平泉"
	}, {
		"name": "平泉北"
	}, {
		"name": "平洋"
	}, {
		"name": "平湖"
	}, {
		"name": "平潭"
	}, {
		"name": "平田"
	}, {
		"name": "平社"
	}, {
		"name": "平等"
	}, {
		"name": "平罗"
	}, {
		"name": "平遥"
	}, {
		"name": "平遥古城"
	}, {
		"name": "平邑"
	}, {
		"name": "平阳"
	}, {
		"name": "平顶山"
	}, {
		"name": "平顶山西"
	}, {
		"name": "彭山北"
	}, {
		"name": "彭州"
	}, {
		"name": "彭州南"
	}, {
		"name": "彭水"
	}, {
		"name": "彭泽"
	}, {
		"name": "彭阳"
	}, {
		"name": "徘徊北"
	}, {
		"name": "攀枝花"
	}, {
		"name": "攀枝花南"
	}, {
		"name": "普兰店"
	}, {
		"name": "普宁"
	}, {
		"name": "普安县"
	}, {
		"name": "普定"
	}, {
		"name": "普洱"
	}, {
		"name": "普洱渡"
	}, {
		"name": "普者黑"
	}, {
		"name": "普雄"
	}, {
		"name": "椑木镇"
	}, {
		"name": "泊头"
	}, {
		"name": "泡子"
	}, {
		"name": "潘家店"
	}, {
		"name": "濮阳东"
	}, {
		"name": "皮口"
	}, {
		"name": "皮山"
	}, {
		"name": "盘关"
	}, {
		"name": "盘古"
	}, {
		"name": "盘州"
	}, {
		"name": "盘锦"
	}, {
		"name": "盘锦北"
	}, {
		"name": "磐安南"
	}, {
		"name": "磐安镇"
	}, {
		"name": "磐石"
	}, {
		"name": "繁峙"
	}, {
		"name": "繁昌西"
	}, {
		"name": "莆田"
	}, {
		"name": "萍乡"
	}, {
		"name": "萍乡北"
	}, {
		"name": "蒲坝"
	}, {
		"name": "蒲城"
	}, {
		"name": "蒲城东"
	}, {
		"name": "蒲江"
	}, {
		"name": "蒲石"
	}, {
		"name": "蓬安"
	}, {
		"name": "蓬溪"
	}, {
		"name": "蓬莱市"
	}, {
		"name": "裴德"
	}, {
		"name": "邳州"
	}, {
		"name": "邳州东"
	}, {
		"name": "郫县"
	}, {
		"name": "郫县西"
	}, {
		"name": "鄱阳"
	}]
}, {
	"tag": "Q",
	"textArray": [{
		"name": "七台河"
	}, {
		"name": "七台河西"
	}, {
		"name": "七甸"
	}, {
		"name": "七苏木"
	}, {
		"name": "七营"
	}, {
		"name": "七龙星"
	}, {
		"name": "且末"
	}, {
		"name": "乔庄东"
	}, {
		"name": "乾县"
	}, {
		"name": "乾安"
	}, {
		"name": "全州南"
	}, {
		"name": "全椒"
	}, {
		"name": "前苇塘"
	}, {
		"name": "前进镇"
	}, {
		"name": "前锋"
	}, {
		"name": "千岛湖"
	}, {
		"name": "千河"
	}, {
		"name": "千阳"
	}, {
		"name": "启东"
	}, {
		"name": "奇峰塔"
	}, {
		"name": "将乐"
	}, {
		"name": "岐山"
	}, {
		"name": "庆元"
	}, {
		"name": "庆城"
	}, {
		"name": "庆安"
	}, {
		"name": "庆盛"
	}, {
		"name": "庆阳"
	}, {
		"name": "戚墅堰"
	}, {
		"name": "旗下营"
	}, {
		"name": "曲子"
	}, {
		"name": "曲水县"
	}, {
		"name": "曲江"
	}, {
		"name": "曲阜"
	}, {
		"name": "曲阜东"
	}, {
		"name": "曲阜南"
	}, {
		"name": "曲靖"
	}, {
		"name": "曲靖北"
	}, {
		"name": "桥头"
	}, {
		"name": "桥湾"
	}, {
		"name": "桥西"
	}, {
		"name": "棋子湾"
	}, {
		"name": "沁县"
	}, {
		"name": "泉州"
	}, {
		"name": "泉阳"
	}, {
		"name": "清原"
	}, {
		"name": "清城"
	}, {
		"name": "清水"
	}, {
		"name": "清水县"
	}, {
		"name": "清河"
	}, {
		"name": "清河城"
	}, {
		"name": "清河门北"
	}, {
		"name": "清流"
	}, {
		"name": "清涧县"
	}, {
		"name": "清远"
	}, {
		"name": "清镇西"
	}, {
		"name": "渠县"
	}, {
		"name": "渠旧"
	}, {
		"name": "潜山"
	}, {
		"name": "潜江"
	}, {
		"name": "犍为"
	}, {
		"name": "琼海"
	}, {
		"name": "确山"
	}, {
		"name": "祁东"
	}, {
		"name": "祁县"
	}, {
		"name": "祁县东"
	}, {
		"name": "祁家堡"
	}, {
		"name": "祁阳"
	}, {
		"name": "秦安"
	}, {
		"name": "秦家"
	}, {
		"name": "秦家庄"
	}, {
		"name": "秦岭"
	}, {
		"name": "秦皇岛"
	}, {
		"name": "綦江"
	}, {
		"name": "綦江东"
	}, {
		"name": "蕉溪"
	}, {
		"name": "蕲春"
	}, {
		"name": "蕲春南"
	}, {
		"name": "衢州"
	}, {
		"name": "迁安"
	}, {
		"name": "邛崃"
	}, {
		"name": "钦州东"
	}, {
		"name": "青县"
	}, {
		"name": "青城山"
	}, {
		"name": "青堆"
	}, {
		"name": "青岛"
	}, {
		"name": "青岛北"
	}, {
		"name": "青岛机场"
	}, {
		"name": "青岛西"
	}, {
		"name": "青川"
	}, {
		"name": "青州市"
	}, {
		"name": "青州市北"
	}, {
		"name": "青水山"
	}, {
		"name": "青溪"
	}, {
		"name": "青田"
	}, {
		"name": "青白江东"
	}, {
		"name": "青神"
	}, {
		"name": "青莲"
	}, {
		"name": "青铜峡"
	}, {
		"name": "黔江"
	}, {
		"name": "黔西"
	}, {
		"name": "齐哈日格图"
	}, {
		"name": "齐河"
	}, {
		"name": "齐齐哈尔"
	}, {
		"name": "齐齐哈尔南"
	}]
}, {
	"tag": "R",
	"textArray": [{
		"name": "乳山"
	}, {
		"name": "任丘"
	}, {
		"name": "如东"
	}, {
		"name": "如皋"
	}, {
		"name": "如皋南"
	}, {
		"name": "容县"
	}, {
		"name": "容桂"
	}, {
		"name": "日喀则"
	}, {
		"name": "日照西"
	}, {
		"name": "榕江"
	}, {
		"name": "汝州"
	}, {
		"name": "汝箕沟"
	}, {
		"name": "瑞安"
	}, {
		"name": "瑞昌"
	}, {
		"name": "瑞昌西"
	}, {
		"name": "瑞金"
	}, {
		"name": "若羌"
	}, {
		"name": "荣成"
	}, {
		"name": "荣昌"
	}, {
		"name": "荣昌北"
	}, {
		"name": "融安"
	}, {
		"name": "融水"
	}, {
		"name": "饶平"
	}, {
		"name": "饶阳"
	}]
}, {
	"tag": "S",
	"textArray": [{
		"name": "三义井"
	}, {
		"name": "三亚"
	}, {
		"name": "三元坝"
	}, {
		"name": "三关口"
	}, {
		"name": "三十家"
	}, {
		"name": "三原"
	}, {
		"name": "三合庄"
	}, {
		"name": "三家寨"
	}, {
		"name": "三家店"
	}, {
		"name": "三明"
	}, {
		"name": "三明北"
	}, {
		"name": "三水北"
	}, {
		"name": "三水南"
	}, {
		"name": "三汇镇"
	}, {
		"name": "三江"
	}, {
		"name": "三江南"
	}, {
		"name": "三江口"
	}, {
		"name": "三河县"
	}, {
		"name": "三源浦"
	}, {
		"name": "三穗"
	}, {
		"name": "三花石"
	}, {
		"name": "三营"
	}, {
		"name": "三道营"
	}, {
		"name": "三都县"
	}, {
		"name": "三门县"
	}, {
		"name": "三门峡"
	}, {
		"name": "三门峡南"
	}, {
		"name": "三门峡西"
	}, {
		"name": "三间房"
	}, {
		"name": "三阳"
	}, {
		"name": "三阳川"
	}, {
		"name": "上万"
	}, {
		"name": "上仓"
	}, {
		"name": "上普雄"
	}, {
		"name": "上板城"
	}, {
		"name": "上板城南"
	}, {
		"name": "上海"
	}, {
		"name": "上海南"
	}, {
		"name": "上海虹桥"
	}, {
		"name": "上海西"
	}, {
		"name": "上腰墩"
	}, {
		"name": "上虞"
	}, {
		"name": "上虞南"
	}, {
		"name": "上西铺"
	}, {
		"name": "上谷"
	}, {
		"name": "上饶"
	}, {
		"name": "上高镇"
	}, {
		"name": "什里店"
	}, {
		"name": "十八台"
	}, {
		"name": "十堰"
	}, {
		"name": "十堰东"
	}, {
		"name": "十字门"
	}, {
		"name": "十渡"
	}, {
		"name": "双丰"
	}, {
		"name": "双凤驿"
	}, {
		"name": "双吉"
	}, {
		"name": "双城北"
	}, {
		"name": "双城堡"
	}, {
		"name": "双峰北"
	}, {
		"name": "双水镇"
	}, {
		"name": "双洋"
	}, {
		"name": "双流机场"
	}, {
		"name": "双流西"
	}, {
		"name": "双牌"
	}, {
		"name": "双石桥"
	}, {
		"name": "双辽"
	}, {
		"name": "双阳"
	}, {
		"name": "双鸭山西"
	}, {
		"name": "双龙南"
	}, {
		"name": "双龙湖"
	}, {
		"name": "司家岭"
	}, {
		"name": "商丘"
	}, {
		"name": "商丘东"
	}, {
		"name": "商丘南"
	}, {
		"name": "商南"
	}, {
		"name": "商城"
	}, {
		"name": "商河"
	}, {
		"name": "商洛"
	}, {
		"name": "商都"
	}, {
		"name": "四会"
	}, {
		"name": "四分滩"
	}, {
		"name": "四合永"
	}, {
		"name": "四平"
	}, {
		"name": "四平东"
	}, {
		"name": "四方台"
	}, {
		"name": "四道湾"
	}, {
		"name": "圣浪"
	}, {
		"name": "始兴"
	}, {
		"name": "孙吴"
	}, {
		"name": "孙家"
	}, {
		"name": "孙镇"
	}, {
		"name": "宋"
	}, {
		"name": "宋城路"
	}, {
		"name": "宿州东"
	}, {
		"name": "宿松"
	}, {
		"name": "宿松东"
	}, {
		"name": "宿迁"
	}, {
		"name": "寿县"
	}, {
		"name": "射阳"
	}, {
		"name": "尚志"
	}, {
		"name": "尚志南"
	}, {
		"name": "山丹"
	}, {
		"name": "山南"
	}, {
		"name": "山坡东"
	}, {
		"name": "山城镇"
	}, {
		"name": "山市"
	}, {
		"name": "山海关"
	}, {
		"name": "山阴"
	}, {
		"name": "嵊州北"
	}, {
		"name": "嵊州新昌"
	}, {
		"name": "嵩明"
	}, {
		"name": "师宗"
	}, {
		"name": "施家嘴"
	}, {
		"name": "施秉"
	}, {
		"name": "朔州"
	}, {
		"name": "松原"
	}, {
		"name": "松坝"
	}, {
		"name": "松山湖北"
	}, {
		"name": "松树林"
	}, {
		"name": "松树镇"
	}, {
		"name": "松桃"
	}, {
		"name": "松江"
	}, {
		"name": "松江南"
	}, {
		"name": "松江河"
	}, {
		"name": "松河"
	}, {
		"name": "松溪"
	}, {
		"name": "松滋"
	}, {
		"name": "松阳"
	}, {
		"name": "松青"
	}, {
		"name": "树木岭"
	}, {
		"name": "桑日"
	}, {
		"name": "桑根达来"
	}, {
		"name": "桑植"
	}, {
		"name": "水家湖"
	}, {
		"name": "水富"
	}, {
		"name": "水洋"
	}, {
		"name": "水源"
	}, {
		"name": "水花"
	}, {
		"name": "汕头"
	}, {
		"name": "汕尾"
	}, {
		"name": "沈丘"
	}, {
		"name": "沈丘北"
	}, {
		"name": "沈家"
	}, {
		"name": "沈家河"
	}, {
		"name": "沈阳"
	}, {
		"name": "沈阳北"
	}, {
		"name": "沈阳南"
	}, {
		"name": "沙井西"
	}, {
		"name": "沙园"
	}, {
		"name": "沙坡头"
	}, {
		"name": "沙坪坝"
	}, {
		"name": "沙城"
	}, {
		"name": "沙沙坡"
	}, {
		"name": "沙沱"
	}, {
		"name": "沙河市"
	}, {
		"name": "沙海"
	}, {
		"name": "沙湾"
	}, {
		"name": "沙湾市"
	}, {
		"name": "沙马拉达"
	}, {
		"name": "沭阳"
	}, {
		"name": "泗县"
	}, {
		"name": "泗水"
	}, {
		"name": "泗水南"
	}, {
		"name": "泗阳"
	}, {
		"name": "涉县"
	}, {
		"name": "深圳"
	}, {
		"name": "深圳东"
	}, {
		"name": "深圳北"
	}, {
		"name": "深圳坪山"
	}, {
		"name": "深圳机场"
	}, {
		"name": "深圳机场北"
	}, {
		"name": "深圳西"
	}, {
		"name": "深州"
	}, {
		"name": "渑池"
	}, {
		"name": "渑池南"
	}, {
		"name": "狮山"
	}, {
		"name": "狮山北"
	}, {
		"name": "狮岭"
	}, {
		"name": "申家店"
	}, {
		"name": "畲江北"
	}, {
		"name": "疏勒河"
	}, {
		"name": "睢宁"
	}, {
		"name": "石人城"
	}, {
		"name": "石嘴山"
	}, {
		"name": "石坝"
	}, {
		"name": "石城"
	}, {
		"name": "石城东"
	}, {
		"name": "石头"
	}, {
		"name": "石家庄"
	}, {
		"name": "石家庄东"
	}, {
		"name": "石家庄北"
	}, {
		"name": "石林"
	}, {
		"name": "石林西"
	}, {
		"name": "石柱县"
	}, {
		"name": "石桥子"
	}, {
		"name": "石梯"
	}, {
		"name": "石河子"
	}, {
		"name": "石泉县"
	}, {
		"name": "石牌"
	}, {
		"name": "石磷"
	}, {
		"name": "石长"
	}, {
		"name": "石门县北"
	}, {
		"name": "石门坎"
	}, {
		"name": "石门子"
	}, {
		"name": "石门村"
	}, {
		"name": "神农架"
	}, {
		"name": "神头"
	}, {
		"name": "神州"
	}, {
		"name": "神木"
	}, {
		"name": "神木西"
	}, {
		"name": "神树"
	}, {
		"name": "神池"
	}, {
		"name": "索伦"
	}, {
		"name": "绍兴"
	}, {
		"name": "绍兴东"
	}, {
		"name": "绍兴北"
	}, {
		"name": "绥中"
	}, {
		"name": "绥中北"
	}, {
		"name": "绥化"
	}, {
		"name": "绥德"
	}, {
		"name": "绥棱"
	}, {
		"name": "绥芬河"
	}, {
		"name": "绥阳"
	}, {
		"name": "肃宁"
	}, {
		"name": "胜利镇"
	}, {
		"name": "胜芳"
	}, {
		"name": "舍伯吐"
	}, {
		"name": "舒兰"
	}, {
		"name": "舒城"
	}, {
		"name": "舒城东"
	}, {
		"name": "苏家屯"
	}, {
		"name": "苏尼特左旗"
	}, {
		"name": "苏州"
	}, {
		"name": "苏州北"
	}, {
		"name": "苏州园区"
	}, {
		"name": "苏州新区"
	}, {
		"name": "苏雄"
	}, {
		"name": "苏集"
	}, {
		"name": "莎车"
	}, {
		"name": "萨拉齐"
	}, {
		"name": "蜀河"
	}, {
		"name": "赛乌苏"
	}, {
		"name": "赛汗塔拉"
	}, {
		"name": "遂宁"
	}, {
		"name": "遂平"
	}, {
		"name": "遂昌"
	}, {
		"name": "遂溪"
	}, {
		"name": "邵东"
	}, {
		"name": "邵家堂"
	}, {
		"name": "邵阳"
	}, {
		"name": "邵阳北"
	}, {
		"name": "邵阳西"
	}, {
		"name": "鄯善北"
	}, {
		"name": "随县"
	}, {
		"name": "随州"
	}, {
		"name": "随州南"
	}, {
		"name": "韶关"
	}, {
		"name": "韶关东"
	}, {
		"name": "韶山南"
	}, {
		"name": "顺义"
	}, {
		"name": "顺义西"
	}, {
		"name": "顺德"
	}, {
		"name": "顺德学院"
	}]
}, {
	"tag": "T",
	"textArray": [{
		"name": "亭亮"
	}, {
		"name": "亭林"
	}, {
		"name": "台前"
	}, {
		"name": "台安"
	}, {
		"name": "台山"
	}, {
		"name": "台州"
	}, {
		"name": "台州西"
	}, {
		"name": "同心"
	}, {
		"name": "同江"
	}, {
		"name": "吐列毛杜"
	}, {
		"name": "吐哈"
	}, {
		"name": "吐鲁番"
	}, {
		"name": "吐鲁番北"
	}, {
		"name": "唐家湾"
	}, {
		"name": "唐山"
	}, {
		"name": "唐山北"
	}, {
		"name": "唐山南"
	}, {
		"name": "唐河"
	}, {
		"name": "团结"
	}, {
		"name": "图们北"
	}, {
		"name": "图强"
	}, {
		"name": "图木舒克"
	}, {
		"name": "图里河"
	}, {
		"name": "土桥子"
	}, {
		"name": "土溪"
	}, {
		"name": "土牧尔台"
	}, {
		"name": "土贵乌拉"
	}, {
		"name": "土门子"
	}, {
		"name": "塔哈"
	}, {
		"name": "塔城"
	}, {
		"name": "塔尔根"
	}, {
		"name": "塔尔气"
	}, {
		"name": "塔崖驿"
	}, {
		"name": "塔河"
	}, {
		"name": "塔源"
	}, {
		"name": "塘沽"
	}, {
		"name": "塘豹"
	}, {
		"name": "天义"
	}, {
		"name": "天台山"
	}, {
		"name": "天岗"
	}, {
		"name": "天柱山"
	}, {
		"name": "天棚"
	}, {
		"name": "天水"
	}, {
		"name": "天水南"
	}, {
		"name": "天河机场"
	}, {
		"name": "天河潭"
	}, {
		"name": "天津"
	}, {
		"name": "天津北"
	}, {
		"name": "天津南"
	}, {
		"name": "天津西"
	}, {
		"name": "天祝"
	}, {
		"name": "天镇"
	}, {
		"name": "天门"
	}, {
		"name": "天门南"
	}, {
		"name": "太仓"
	}, {
		"name": "太仓南"
	}, {
		"name": "太原"
	}, {
		"name": "太原南"
	}, {
		"name": "太和东"
	}, {
		"name": "太和北"
	}, {
		"name": "太姥山"
	}, {
		"name": "太子城"
	}, {
		"name": "太平川"
	}, {
		"name": "太平镇"
	}, {
		"name": "太湖"
	}, {
		"name": "太湖南"
	}, {
		"name": "太白"
	}, {
		"name": "太谷"
	}, {
		"name": "太谷东"
	}, {
		"name": "太谷西"
	}, {
		"name": "太阳升"
	}, {
		"name": "太阳山"
	}, {
		"name": "太阳沟"
	}, {
		"name": "头道桥"
	}, {
		"name": "头门港"
	}, {
		"name": "托克托东"
	}, {
		"name": "桃山"
	}, {
		"name": "桃映"
	}, {
		"name": "桃村"
	}, {
		"name": "桃村北"
	}, {
		"name": "桃源"
	}, {
		"name": "桐乡"
	}, {
		"name": "桐城"
	}, {
		"name": "桐城东"
	}, {
		"name": "桐城南"
	}, {
		"name": "桐子林"
	}, {
		"name": "桐庐"
	}, {
		"name": "桐木寨"
	}, {
		"name": "桐柏"
	}, {
		"name": "桐梓"
	}, {
		"name": "桐梓东"
	}, {
		"name": "桐梓北"
	}, {
		"name": "汤原"
	}, {
		"name": "汤旺河"
	}, {
		"name": "汤池"
	}, {
		"name": "汤逊湖"
	}, {
		"name": "汤阴"
	}, {
		"name": "泰和"
	}, {
		"name": "泰宁"
	}, {
		"name": "泰安"
	}, {
		"name": "泰山"
	}, {
		"name": "泰州"
	}, {
		"name": "泰来"
	}, {
		"name": "洮南"
	}, {
		"name": "滕州"
	}, {
		"name": "滕州东"
	}, {
		"name": "滩头"
	}, {
		"name": "漯河"
	}, {
		"name": "漯河西"
	}, {
		"name": "潼关"
	}, {
		"name": "潼南"
	}, {
		"name": "甜水堡"
	}, {
		"name": "田东北"
	}, {
		"name": "田心东"
	}, {
		"name": "田林"
	}, {
		"name": "田梁子"
	}, {
		"name": "田阳"
	}, {
		"name": "统军庄"
	}, {
		"name": "藤县"
	}, {
		"name": "谭家井"
	}, {
		"name": "通化"
	}, {
		"name": "通化县"
	}, {
		"name": "通北"
	}, {
		"name": "通安驿"
	}, {
		"name": "通州"
	}, {
		"name": "通州西"
	}, {
		"name": "通榆"
	}, {
		"name": "通海"
	}, {
		"name": "通渭"
	}, {
		"name": "通辽"
	}, {
		"name": "通远堡"
	}, {
		"name": "通远堡西"
	}, {
		"name": "通道"
	}, {
		"name": "郯城"
	}, {
		"name": "铁力"
	}, {
		"name": "铁厂"
	}, {
		"name": "铁口"
	}, {
		"name": "铁岭"
	}, {
		"name": "铁岭西"
	}, {
		"name": "铁西"
	}, {
		"name": "铜仁"
	}, {
		"name": "铜仁南"
	}, {
		"name": "铜川东"
	}, {
		"name": "铜罐驿"
	}, {
		"name": "铜陵"
	}, {
		"name": "铜陵北"
	}, {
		"name": "铜鼓溪"
	}]
}, {
	"tag": "U",
	"textArray": []
}, {
	"tag": "V",
	"textArray": []
}, {
	"tag": "W",
	"textArray": [{
		"name": "万乐"
	}, {
		"name": "万发屯"
	}, {
		"name": "万宁"
	}, {
		"name": "万安县"
	}, {
		"name": "万州"
	}, {
		"name": "万州北"
	}, {
		"name": "万年"
	}, {
		"name": "万源"
	}, {
		"name": "乌伊岭"
	}, {
		"name": "乌兰"
	}, {
		"name": "乌兰哈达"
	}, {
		"name": "乌兰察布"
	}, {
		"name": "乌兰木图"
	}, {
		"name": "乌兰浩特"
	}, {
		"name": "乌兰胡同"
	}, {
		"name": "乌兰花"
	}, {
		"name": "乌固诺尔"
	}, {
		"name": "乌图美仁"
	}, {
		"name": "乌奴耳"
	}, {
		"name": "乌审旗"
	}, {
		"name": "乌尔旗汗"
	}, {
		"name": "乌拉山"
	}, {
		"name": "乌拉特前旗"
	}, {
		"name": "乌海"
	}, {
		"name": "乌海北"
	}, {
		"name": "乌海西"
	}, {
		"name": "乌苏"
	}, {
		"name": "乌鲁布铁"
	}, {
		"name": "乌鲁木齐"
	}, {
		"name": "乌鲁木齐南"
	}, {
		"name": "五原"
	}, {
		"name": "五叉沟"
	}, {
		"name": "五台山"
	}, {
		"name": "五大连池"
	}, {
		"name": "五女山"
	}, {
		"name": "五家"
	}, {
		"name": "五寨"
	}, {
		"name": "五常"
	}, {
		"name": "五府山"
	}, {
		"name": "五林"
	}, {
		"name": "五棵树"
	}, {
		"name": "五莲"
	}, {
		"name": "五营"
	}, {
		"name": "五道河"
	}, {
		"name": "五龙背东"
	}, {
		"name": "午汲"
	}, {
		"name": "卫星"
	}, {
		"name": "卫辉"
	}, {
		"name": "卫辉南"
	}, {
		"name": "吴堡"
	}, {
		"name": "吴官田"
	}, {
		"name": "吴家川"
	}, {
		"name": "吴川"
	}, {
		"name": "吴忠"
	}, {
		"name": "吴桥"
	}, {
		"name": "威信"
	}, {
		"name": "威岭"
	}, {
		"name": "威海"
	}, {
		"name": "威海北"
	}, {
		"name": "威箐"
	}, {
		"name": "威舍"
	}, {
		"name": "婺源"
	}, {
		"name": "完工"
	}, {
		"name": "巍山"
	}, {
		"name": "巫山"
	}, {
		"name": "弯坵"
	}, {
		"name": "弯道"
	}, {
		"name": "微子镇"
	}, {
		"name": "文地"
	}, {
		"name": "文昌"
	}, {
		"name": "文水"
	}, {
		"name": "文登"
	}, {
		"name": "文登东"
	}, {
		"name": "无为"
	}, {
		"name": "无为南"
	}, {
		"name": "无锡"
	}, {
		"name": "无锡东"
	}, {
		"name": "无锡新区"
	}, {
		"name": "望江"
	}, {
		"name": "望牛墩"
	}, {
		"name": "梧州"
	}, {
		"name": "梧州南"
	}, {
		"name": "武义"
	}, {
		"name": "武义北"
	}, {
		"name": "武乡"
	}, {
		"name": "武乡东"
	}, {
		"name": "武功"
	}, {
		"name": "武夷山"
	}, {
		"name": "武夷山北"
	}, {
		"name": "武威"
	}, {
		"name": "武威南"
	}, {
		"name": "武安"
	}, {
		"name": "武山"
	}, {
		"name": "武当山西"
	}, {
		"name": "武昌"
	}, {
		"name": "武汉"
	}, {
		"name": "武清"
	}, {
		"name": "武穴"
	}, {
		"name": "武穴北"
	}, {
		"name": "武胜"
	}, {
		"name": "武陟"
	}, {
		"name": "武隆"
	}, {
		"name": "涡阳"
	}, {
		"name": "温岭"
	}, {
		"name": "温州"
	}, {
		"name": "温州南"
	}, {
		"name": "温春"
	}, {
		"name": "温江"
	}, {
		"name": "渭南"
	}, {
		"name": "渭南北"
	}, {
		"name": "渭南西"
	}, {
		"name": "渭南镇"
	}, {
		"name": "渭源"
	}, {
		"name": "湾沚南"
	}, {
		"name": "潍坊"
	}, {
		"name": "潍坊北"
	}, {
		"name": "王团庄"
	}, {
		"name": "王场"
	}, {
		"name": "王安镇"
	}, {
		"name": "王岗"
	}, {
		"name": "王府"
	}, {
		"name": "王杨"
	}, {
		"name": "瓦屋山"
	}, {
		"name": "瓦房店"
	}, {
		"name": "瓦房店西"
	}, {
		"name": "瓦拉干"
	}, {
		"name": "瓦石峡"
	}, {
		"name": "瓦祖"
	}, {
		"name": "瓦窑坝"
	}, {
		"name": "瓦窑田"
	}, {
		"name": "芜湖"
	}, {
		"name": "芜湖北"
	}, {
		"name": "芜湖南"
	}, {
		"name": "苇河"
	}, {
		"name": "苇河西"
	}, {
		"name": "闻喜"
	}, {
		"name": "闻喜西"
	}, {
		"name": "韦庄"
	}]
}, {
	"tag": "X",
	"textArray": [{
		"name": "下仓"
	}, {
		"name": "下台子"
	}, {
		"name": "下城子"
	}, {
		"name": "下普雄"
	}, {
		"name": "下板城"
	}, {
		"name": "下社"
	}, {
		"name": "下花园北"
	}, {
		"name": "下马塘"
	}, {
		"name": "仙人桥"
	}, {
		"name": "仙居南"
	}, {
		"name": "仙林"
	}, {
		"name": "仙桃"
	}, {
		"name": "仙桃西"
	}, {
		"name": "仙水"
	}, {
		"name": "仙游"
	}, {
		"name": "信丰"
	}, {
		"name": "信丰西"
	}, {
		"name": "信宜"
	}, {
		"name": "信阳"
	}, {
		"name": "信阳东"
	}, {
		"name": "修文县"
	}, {
		"name": "修武西"
	}, {
		"name": "先锋"
	}, {
		"name": "兴业"
	}, {
		"name": "兴义"
	}, {
		"name": "兴凯"
	}, {
		"name": "兴和北"
	}, {
		"name": "兴国"
	}, {
		"name": "兴国西"
	}, {
		"name": "兴城"
	}, {
		"name": "兴宁"
	}, {
		"name": "兴安北"
	}, {
		"name": "兴安岭"
	}, {
		"name": "兴山"
	}, {
		"name": "兴平"
	}, {
		"name": "兴文"
	}, {
		"name": "兴泉堡"
	}, {
		"name": "兴福"
	}, {
		"name": "兴莲"
	}, {
		"name": "兴隆县"
	}, {
		"name": "兴隆县西"
	}, {
		"name": "兴隆镇"
	}, {
		"name": "厦门"
	}, {
		"name": "厦门北"
	}, {
		"name": "向塘"
	}, {
		"name": "向阳"
	}, {
		"name": "咸丰"
	}, {
		"name": "咸宁"
	}, {
		"name": "咸宁北"
	}, {
		"name": "咸宁南"
	}, {
		"name": "咸阳"
	}, {
		"name": "咸阳北"
	}, {
		"name": "咸阳西"
	}, {
		"name": "响水县"
	}, {
		"name": "喜德"
	}, {
		"name": "夏坝"
	}, {
		"name": "夏官营"
	}, {
		"name": "夏拉哈马"
	}, {
		"name": "夏格庄"
	}, {
		"name": "夏邑县"
	}, {
		"name": "孝感"
	}, {
		"name": "孝感东"
	}, {
		"name": "孝感北"
	}, {
		"name": "孝西"
	}, {
		"name": "学庄"
	}, {
		"name": "宣化"
	}, {
		"name": "宣化北"
	}, {
		"name": "宣和"
	}, {
		"name": "宣城"
	}, {
		"name": "宣威"
	}, {
		"name": "宣汉"
	}, {
		"name": "小儿坪"
	}, {
		"name": "小关溪"
	}, {
		"name": "小哨"
	}, {
		"name": "小寺沟"
	}, {
		"name": "小岭"
	}, {
		"name": "小市"
	}, {
		"name": "小得江"
	}, {
		"name": "小扬气"
	}, {
		"name": "小新街"
	}, {
		"name": "小月旧"
	}, {
		"name": "小村"
	}, {
		"name": "小榄"
	}, {
		"name": "小池口"
	}, {
		"name": "小河沿"
	}, {
		"name": "小河镇"
	}, {
		"name": "小湾东"
	}, {
		"name": "小白"
	}, {
		"name": "小西庄"
	}, {
		"name": "小金口"
	}, {
		"name": "小雨谷"
	}, {
		"name": "峡江"
	}, {
		"name": "徐家"
	}, {
		"name": "徐家店"
	}, {
		"name": "徐州"
	}, {
		"name": "徐州东"
	}, {
		"name": "徐水"
	}, {
		"name": "徐闻"
	}, {
		"name": "忻州"
	}, {
		"name": "忻州西"
	}, {
		"name": "息县"
	}, {
		"name": "息烽"
	}, {
		"name": "悬钟"
	}, {
		"name": "新乡"
	}, {
		"name": "新乡东"
	}, {
		"name": "新乡南"
	}, {
		"name": "新会"
	}, {
		"name": "新余"
	}, {
		"name": "新余北"
	}, {
		"name": "新凉"
	}, {
		"name": "新化"
	}, {
		"name": "新化南"
	}, {
		"name": "新华"
	}, {
		"name": "新华屯"
	}, {
		"name": "新县"
	}, {
		"name": "新友谊"
	}, {
		"name": "新和"
	}, {
		"name": "新固镇"
	}, {
		"name": "新场"
	}, {
		"name": "新坪田"
	}, {
		"name": "新塘南"
	}, {
		"name": "新天"
	}, {
		"name": "新安"
	}, {
		"name": "新安县"
	}, {
		"name": "新安庄"
	}, {
		"name": "新帐房"
	}, {
		"name": "新干"
	}, {
		"name": "新干东"
	}, {
		"name": "新平坝"
	}, {
		"name": "新开"
	}, {
		"name": "新晃"
	}, {
		"name": "新晃西"
	}, {
		"name": "新李"
	}, {
		"name": "新杖子"
	}, {
		"name": "新松浦"
	}, {
		"name": "新林"
	}, {
		"name": "新桥"
	}, {
		"name": "新民"
	}, {
		"name": "新民北"
	}, {
		"name": "新沂"
	}, {
		"name": "新沂南"
	}, {
		"name": "新津"
	}, {
		"name": "新津南"
	}, {
		"name": "新窝铺"
	}, {
		"name": "新立屯"
	}, {
		"name": "新绛"
	}, {
		"name": "新绰源"
	}, {
		"name": "新肇"
	}, {
		"name": "新郑机场"
	}, {
		"name": "新都东"
	}, {
		"name": "新阳镇"
	}, {
		"name": "新青"
	}, {
		"name": "新香坊北"
	}, {
		"name": "新高峰"
	}, {
		"name": "旬阳"
	}, {
		"name": "旬阳北"
	}, {
		"name": "星朗"
	}, {
		"name": "杏树屯"
	}, {
		"name": "歙县北"
	}, {
		"name": "汐子"
	}, {
		"name": "浠水"
	}, {
		"name": "浠水南"
	}, {
		"name": "湘乡"
	}, {
		"name": "湘府路"
	}, {
		"name": "湘潭"
	}, {
		"name": "湘潭北"
	}, {
		"name": "溆浦"
	}, {
		"name": "溆浦南"
	}, {
		"name": "熊岳城"
	}, {
		"name": "犀浦"
	}, {
		"name": "祥云"
	}, {
		"name": "秀山"
	}, {
		"name": "秀英"
	}, {
		"name": "绣峰"
	}, {
		"name": "萧县"
	}, {
		"name": "萧县北"
	}, {
		"name": "襄垣"
	}, {
		"name": "襄垣东"
	}, {
		"name": "襄州"
	}, {
		"name": "襄汾"
	}, {
		"name": "襄汾西"
	}, {
		"name": "襄阳"
	}, {
		"name": "襄阳东"
	}, {
		"name": "西丰"
	}, {
		"name": "西乌旗"
	}, {
		"name": "西乡"
	}, {
		"name": "西华"
	}, {
		"name": "西双版纳"
	}, {
		"name": "西哲里木"
	}, {
		"name": "西固"
	}, {
		"name": "西固城"
	}, {
		"name": "西大庙"
	}, {
		"name": "西宁"
	}, {
		"name": "西安"
	}, {
		"name": "西安北"
	}, {
		"name": "西安南"
	}, {
		"name": "西小召"
	}, {
		"name": "西峡"
	}, {
		"name": "西平"
	}, {
		"name": "西平西"
	}, {
		"name": "西斗铺"
	}, {
		"name": "西昌"
	}, {
		"name": "西昌南"
	}, {
		"name": "西昌西"
	}, {
		"name": "西来"
	}, {
		"name": "西林"
	}, {
		"name": "西柳"
	}, {
		"name": "西桐古"
	}, {
		"name": "西渡"
	}, {
		"name": "西湖东"
	}, {
		"name": "西街口"
	}, {
		"name": "西里"
	}, {
		"name": "西麻山"
	}, {
		"name": "许三湾"
	}, {
		"name": "许家台"
	}, {
		"name": "许家屯"
	}, {
		"name": "许昌"
	}, {
		"name": "许昌东"
	}, {
		"name": "许昌北"
	}, {
		"name": "轩岗"
	}, {
		"name": "辛集"
	}, {
		"name": "辛集南"
	}, {
		"name": "邢台"
	}, {
		"name": "邢台东"
	}, {
		"name": "锡林呼都嘎"
	}, {
		"name": "锡林浩特"
	}, {
		"name": "锡铁山"
	}, {
		"name": "雄安"
	}, {
		"name": "霞浦"
	}, {
		"name": "项城"
	}, {
		"name": "香兰"
	}, {
		"name": "香坊"
	}, {
		"name": "香樟路"
	}, {
		"name": "香港红磡"
	}, {
		"name": "香港西九龙"
	}]
}, {
	"tag": "Y",
	"textArray": [{
		"name": "一步滩"
	}, {
		"name": "一面坡"
	}, {
		"name": "一面坡北"
	}, {
		"name": "义乌"
	}, {
		"name": "义县"
	}, {
		"name": "义马"
	}, {
		"name": "乐东"
	}, {
		"name": "乐同"
	}, {
		"name": "乐善村"
	}, {
		"name": "乐山"
	}, {
		"name": "乐山北"
	}, {
		"name": "乐平市"
	}, {
		"name": "乐昌"
	}, {
		"name": "乐昌东"
	}, {
		"name": "乐武"
	}, {
		"name": "乐清"
	}, {
		"name": "乐清东"
	}, {
		"name": "乐跃"
	}, {
		"name": "乐都"
	}, {
		"name": "于田"
	}, {
		"name": "于都"
	}, {
		"name": "于都北"
	}, {
		"name": "云东海"
	}, {
		"name": "云南驿"
	}, {
		"name": "云县"
	}, {
		"name": "云居寺"
	}, {
		"name": "云山"
	}, {
		"name": "云彩岭"
	}, {
		"name": "云梦"
	}, {
		"name": "云梦东"
	}, {
		"name": "云浮东"
	}, {
		"name": "云阳"
	}, {
		"name": "云霄"
	}, {
		"name": "亚布力"
	}, {
		"name": "亚布力西"
	}, {
		"name": "亚河"
	}, {
		"name": "亚龙湾"
	}, {
		"name": "伊图里河"
	}, {
		"name": "伊宁"
	}, {
		"name": "伊拉哈"
	}, {
		"name": "伊春"
	}, {
		"name": "伊通"
	}, {
		"name": "余姚"
	}, {
		"name": "余姚北"
	}, {
		"name": "余江"
	}, {
		"name": "余粮堡"
	}, {
		"name": "依兰"
	}, {
		"name": "依安"
	}, {
		"name": "俞冲"
	}, {
		"name": "偃师"
	}, {
		"name": "元宝山"
	}, {
		"name": "元氏"
	}, {
		"name": "元江"
	}, {
		"name": "元田坝"
	}, {
		"name": "元谋西"
	}, {
		"name": "元龙"
	}, {
		"name": "兖州"
	}, {
		"name": "原平"
	}, {
		"name": "原平西"
	}, {
		"name": "原林"
	}, {
		"name": "友好"
	}, {
		"name": "叶城"
	}, {
		"name": "叶柏寿"
	}, {
		"name": "叶榭"
	}, {
		"name": "园墩"
	}, {
		"name": "姚千户屯"
	}, {
		"name": "姚渡"
	}, {
		"name": "宜兴"
	}, {
		"name": "宜城"
	}, {
		"name": "宜宾"
	}, {
		"name": "宜宾南"
	}, {
		"name": "宜宾西"
	}, {
		"name": "宜州"
	}, {
		"name": "宜昌东"
	}, {
		"name": "宜春"
	}, {
		"name": "宜耐"
	}, {
		"name": "宜良北"
	}, {
		"name": "尤溪"
	}, {
		"name": "尹地"
	}, {
		"name": "岩山"
	}, {
		"name": "岳池"
	}, {
		"name": "岳阳"
	}, {
		"name": "岳阳东"
	}, {
		"name": "崖州"
	}, {
		"name": "应县"
	}, {
		"name": "应城"
	}, {
		"name": "延吉"
	}, {
		"name": "延吉西"
	}, {
		"name": "延安"
	}, {
		"name": "延平"
	}, {
		"name": "延平东"
	}, {
		"name": "延平西"
	}, {
		"name": "延庆"
	}, {
		"name": "弋阳"
	}, {
		"name": "彝良"
	}, {
		"name": "彝良南"
	}, {
		"name": "扬州"
	}, {
		"name": "扬州东"
	}, {
		"name": "攸县"
	}, {
		"name": "攸县南"
	}, {
		"name": "晏城"
	}, {
		"name": "月亮田"
	}, {
		"name": "月华"
	}, {
		"name": "月山"
	}, {
		"name": "杨岗"
	}, {
		"name": "杨村"
	}, {
		"name": "杨林"
	}, {
		"name": "杨柳青"
	}, {
		"name": "杨桥"
	}, {
		"name": "杨源"
	}, {
		"name": "杨漩"
	}, {
		"name": "杨陵"
	}, {
		"name": "杨陵南"
	}, {
		"name": "榆中"
	}, {
		"name": "榆林"
	}, {
		"name": "榆树"
	}, {
		"name": "榆树屯"
	}, {
		"name": "榆树沟"
	}, {
		"name": "榆次"
	}, {
		"name": "榆社"
	}, {
		"name": "榆社西"
	}, {
		"name": "永丰营"
	}, {
		"name": "永仁"
	}, {
		"name": "永修"
	}, {
		"name": "永和"
	}, {
		"name": "永城北"
	}, {
		"name": "永安乡"
	}, {
		"name": "永安南"
	}, {
		"name": "永定"
	}, {
		"name": "永寿"
	}, {
		"name": "永寿西"
	}, {
		"name": "永川"
	}, {
		"name": "永川东"
	}, {
		"name": "永州"
	}, {
		"name": "永庆"
	}, {
		"name": "永康南"
	}, {
		"name": "永泰"
	}, {
		"name": "永济"
	}, {
		"name": "永济北"
	}, {
		"name": "永登"
	}, {
		"name": "永福南"
	}, {
		"name": "永郎"
	}, {
		"name": "沂南"
	}, {
		"name": "沂水"
	}, {
		"name": "油溪"
	}, {
		"name": "洋县西"
	}, {
		"name": "洋河"
	}, {
		"name": "源潭"
	}, {
		"name": "源迁"
	}, {
		"name": "炎陵"
	}, {
		"name": "烟台"
	}, {
		"name": "烟台南"
	}, {
		"name": "烟筒屯"
	}, {
		"name": "烟筒山"
	}, {
		"name": "焉耆"
	}, {
		"name": "燕子砭"
	}, {
		"name": "燕家庄"
	}, {
		"name": "燕山"
	}, {
		"name": "燕郊"
	}, {
		"name": "牙克石"
	}, {
		"name": "牙屯堡"
	}, {
		"name": "玉屏"
	}, {
		"name": "玉山"
	}, {
		"name": "玉山南"
	}, {
		"name": "玉林"
	}, {
		"name": "玉泉"
	}, {
		"name": "玉泉镇"
	}, {
		"name": "玉溪"
	}, {
		"name": "玉田县"
	}, {
		"name": "玉石"
	}, {
		"name": "玉舍"
	}, {
		"name": "玉门"
	}, {
		"name": "益阳"
	}, {
		"name": "盐城"
	}, {
		"name": "盐城大丰"
	}, {
		"name": "盐池"
	}, {
		"name": "盐津"
	}, {
		"name": "盐津北"
	}, {
		"name": "盐边"
	}, {
		"name": "砚川"
	}, {
		"name": "禹城"
	}, {
		"name": "禹城东"
	}, {
		"name": "禹州"
	}, {
		"name": "秧草地"
	}, {
		"name": "窑上"
	}, {
		"name": "羊坪"
	}, {
		"name": "羊尾哨"
	}, {
		"name": "羊者窝"
	}, {
		"name": "羊臼河"
	}, {
		"name": "羊马"
	}, {
		"name": "耀州"
	}, {
		"name": "艾不盖"
	}, {
		"name": "艾家村"
	}, {
		"name": "艾河"
	}, {
		"name": "英吉沙"
	}, {
		"name": "英德"
	}, {
		"name": "英德西"
	}, {
		"name": "营口"
	}, {
		"name": "营口东"
	}, {
		"name": "营山"
	}, {
		"name": "营盘水"
	}, {
		"name": "营街"
	}, {
		"name": "虞城县"
	}, {
		"name": "谷城"
	}, {
		"name": "谷城北"
	}, {
		"name": "谷山"
	}, {
		"name": "越西"
	}, {
		"name": "迎宾路"
	}, {
		"name": "迎春"
	}, {
		"name": "迎祥街"
	}, {
		"name": "运城"
	}, {
		"name": "运城北"
	}, {
		"name": "迤那"
	}, {
		"name": "郁南"
	}, {
		"name": "郁山"
	}, {
		"name": "郓城"
	}, {
		"name": "鄢陵"
	}, {
		"name": "酉阳"
	}, {
		"name": "野三关"
	}, {
		"name": "野三坡"
	}, {
		"name": "野象谷"
	}, {
		"name": "银川"
	}, {
		"name": "银浪"
	}, {
		"name": "银滩"
	}, {
		"name": "银瓶"
	}, {
		"name": "银盏"
	}, {
		"name": "阎家"
	}, {
		"name": "阎良"
	}, {
		"name": "阳东"
	}, {
		"name": "阳信"
	}, {
		"name": "阳岔"
	}, {
		"name": "阳平关"
	}, {
		"name": "阳新"
	}, {
		"name": "阳明堡"
	}, {
		"name": "阳春"
	}, {
		"name": "阳曲"
	}, {
		"name": "阳曲西"
	}, {
		"name": "阳朔"
	}, {
		"name": "阳江"
	}, {
		"name": "阳泉"
	}, {
		"name": "阳泉东"
	}, {
		"name": "阳泉北"
	}, {
		"name": "阳泉曲"
	}, {
		"name": "阳澄湖"
	}, {
		"name": "阳西"
	}, {
		"name": "阳谷"
	}, {
		"name": "阳邑"
	}, {
		"name": "阳高"
	}, {
		"name": "阳高南"
	}, {
		"name": "陶家屯"
	}, {
		"name": "陶思浩"
	}, {
		"name": "陶赖昭"
	}, {
		"name": "雁栖湖"
	}, {
		"name": "雁石南"
	}, {
		"name": "雁荡山"
	}, {
		"name": "雅安"
	}, {
		"name": "雅鲁"
	}, {
		"name": "雨格"
	}, {
		"name": "颍上"
	}, {
		"name": "颍上北"
	}, {
		"name": "饮马峡"
	}, {
		"name": "鱼卡"
	}, {
		"name": "鱼泉"
	}, {
		"name": "鸳鸯镇"
	}, {
		"name": "鹰手营子"
	}, {
		"name": "鹰潭"
	}, {
		"name": "鹰潭北"
	}]
}, {
	"tag": "Z",
	"textArray": [{
		"name": "中卫"
	}, {
		"name": "中卫南"
	}, {
		"name": "中和"
	}, {
		"name": "中嘴"
	}, {
		"name": "中堂"
	}, {
		"name": "中宁"
	}, {
		"name": "中宁东"
	}, {
		"name": "中宁南"
	}, {
		"name": "中寨"
	}, {
		"name": "中山"
	}, {
		"name": "中山北"
	}, {
		"name": "中川机场"
	}, {
		"name": "仲恺"
	}, {
		"name": "准格尔"
	}, {
		"name": "卓资东"
	}, {
		"name": "卓资山"
	}, {
		"name": "周口"
	}, {
		"name": "周口东"
	}, {
		"name": "周宁"
	}, {
		"name": "周家"
	}, {
		"name": "子洲"
	}, {
		"name": "子长"
	}, {
		"name": "庄寨"
	}, {
		"name": "庄桥"
	}, {
		"name": "庄河北"
	}, {
		"name": "庄里"
	}, {
		"name": "张兰"
	}, {
		"name": "张台子"
	}, {
		"name": "张家口"
	}, {
		"name": "张家川"
	}, {
		"name": "张家港"
	}, {
		"name": "张家界"
	}, {
		"name": "张家界西"
	}, {
		"name": "张掖"
	}, {
		"name": "张掖西"
	}, {
		"name": "张桥"
	}, {
		"name": "张百湾"
	}, {
		"name": "张维屯"
	}, {
		"name": "张辛"
	}, {
		"name": "彰武"
	}, {
		"name": "忠工屯"
	}, {
		"name": "扎兰屯"
	}, {
		"name": "扎囊"
	}, {
		"name": "扎罗木得"
	}, {
		"name": "扎赉诺尔西"
	}, {
		"name": "扎音河"
	}, {
		"name": "扎鲁特"
	}, {
		"name": "招柏"
	}, {
		"name": "支提山"
	}, {
		"name": "政和"
	}, {
		"name": "昭山"
	}, {
		"name": "昭通"
	}, {
		"name": "昭通北"
	}, {
		"name": "昭通南"
	}, {
		"name": "朝天"
	}, {
		"name": "朝天南"
	}, {
		"name": "朝阳村"
	}, {
		"name": "朝阳湖"
	}, {
		"name": "朝阳镇"
	}, {
		"name": "朱家沟"
	}, {
		"name": "朱家窑"
	}, {
		"name": "朱日和"
	}, {
		"name": "朱杨溪"
	}, {
		"name": "朱石寨"
	}, {
		"name": "朱砂古镇"
	}, {
		"name": "枝城"
	}, {
		"name": "枝江北"
	}, {
		"name": "枣子林"
	}, {
		"name": "枣庄"
	}, {
		"name": "枣庄东"
	}, {
		"name": "枣庄西"
	}, {
		"name": "枣强"
	}, {
		"name": "枣阳"
	}, {
		"name": "柘皋"
	}, {
		"name": "柞水"
	}, {
		"name": "株洲"
	}, {
		"name": "株洲南"
	}, {
		"name": "株洲西"
	}, {
		"name": "樟木头"
	}, {
		"name": "樟木头东"
	}, {
		"name": "樟树"
	}, {
		"name": "樟树东"
	}, {
		"name": "正定"
	}, {
		"name": "正定机场"
	}, {
		"name": "正镶白旗"
	}, {
		"name": "治安"
	}, {
		"name": "治江"
	}, {
		"name": "泽普"
	}, {
		"name": "涿州"
	}, {
		"name": "涿州东"
	}, {
		"name": "淄博"
	}, {
		"name": "淄博北"
	}, {
		"name": "湛江"
	}, {
		"name": "湛江西"
	}, {
		"name": "漳县"
	}, {
		"name": "漳州"
	}, {
		"name": "漳平西"
	}, {
		"name": "漳浦"
	}, {
		"name": "照福铺"
	}, {
		"name": "珠斯花"
	}, {
		"name": "珠海"
	}, {
		"name": "珠海北"
	}, {
		"name": "珠海长隆"
	}, {
		"name": "珠琳"
	}, {
		"name": "章丘"
	}, {
		"name": "章丘北"
	}, {
		"name": "紫荆关"
	}, {
		"name": "紫阳"
	}, {
		"name": "纸坊东"
	}, {
		"name": "织金"
	}, {
		"name": "肇东"
	}, {
		"name": "肇庆"
	}, {
		"name": "肇庆东"
	}, {
		"name": "自贡"
	}, {
		"name": "自贡北"
	}, {
		"name": "芷江"
	}, {
		"name": "褚家湾"
	}, {
		"name": "诏安"
	}, {
		"name": "诸城"
	}, {
		"name": "诸暨"
	}, {
		"name": "资中北"
	}, {
		"name": "资阳北"
	}, {
		"name": "赵光"
	}, {
		"name": "轸溪"
	}, {
		"name": "遵义"
	}, {
		"name": "遵义南"
	}, {
		"name": "邹城"
	}, {
		"name": "邹平"
	}, {
		"name": "郑州"
	}, {
		"name": "郑州东"
	}, {
		"name": "郑州航空港"
	}, {
		"name": "郑州西"
	}, {
		"name": "重庆北"
	}, {
		"name": "重庆南"
	}, {
		"name": "重庆西"
	}, {
		"name": "钟家村"
	}, {
		"name": "钟山西"
	}, {
		"name": "钟祥"
	}, {
		"name": "镇城底"
	}, {
		"name": "镇安"
	}, {
		"name": "镇平"
	}, {
		"name": "镇江"
	}, {
		"name": "镇江南"
	}, {
		"name": "镇紫街"
	}, {
		"name": "镇西"
	}, {
		"name": "镇赉"
	}, {
		"name": "镇远"
	}, {
		"name": "镇雄"
	}, {
		"name": "长临河"
	}, {
		"name": "长乐"
	}, {
		"name": "长乐东"
	}, {
		"name": "长乐南"
	}, {
		"name": "长兴"
	}, {
		"name": "长兴南"
	}, {
		"name": "长农"
	}, {
		"name": "长发屯"
	}, {
		"name": "长坡岭"
	}, {
		"name": "长城"
	}, {
		"name": "长宁"
	}, {
		"name": "长安"
	}, {
		"name": "长安西"
	}, {
		"name": "长寿"
	}, {
		"name": "长寿北"
	}, {
		"name": "长寿湖"
	}, {
		"name": "长山屯"
	}, {
		"name": "长庆桥"
	}, {
		"name": "长征"
	}, {
		"name": "长春"
	}, {
		"name": "长春西"
	}, {
		"name": "长武"
	}, {
		"name": "长汀南"
	}, {
		"name": "长汀镇"
	}, {
		"name": "长沙"
	}, {
		"name": "长沙南"
	}, {
		"name": "长河碥"
	}, {
		"name": "长治"
	}, {
		"name": "长治东"
	}, {
		"name": "长治北"
	}, {
		"name": "长治南"
	}, {
		"name": "长流"
	}, {
		"name": "长白山"
	}, {
		"name": "长箐"
	}, {
		"name": "长葛"
	}, {
		"name": "长葛北"
	}, {
		"name": "驻马店"
	}, {
		"name": "驻马店西"
	}]
}]
